"identifier","species_id","type_1_id","type_2_id","orderr","is_default","ability_1_id","ability_2_id","ability_hidden_id","hp","attack","defense","sp_atk","sp_def","speed","id","evolves_from_id"
"Bulbasaur",1,12,4,1,1,65,0,34,45,49,49,65,65,45,1,0
"Ivysaur",2,12,4,2,1,65,0,34,60,62,63,80,80,60,2,1
"(Female)_Venusaur",3,12,4,3,1,65,0,34,80,82,83,100,100,80,3,2
"(Male)_Venusaur",3,12,4,3,1,65,0,34,80,82,83,100,100,80,4,2
"(Mega)_Venusaur",3,12,4,4,0,47,0,0,80,100,123,122,120,80,5,0
"Charmander",4,10,0,5,1,66,0,94,39,52,43,60,50,65,6,0
"Charmeleon",5,10,0,6,1,66,0,94,58,64,58,80,65,80,7,6
"Charizard",6,10,3,7,1,66,0,94,78,84,78,109,85,100,8,7
"(Mega)_Charizard_(X)",6,10,16,8,0,181,0,0,78,130,111,130,85,100,9,0
"(Mega)_Charizard_(Y)",6,10,3,9,0,70,0,0,78,104,78,159,115,100,10,0
"Squirtle",7,11,0,10,1,67,0,44,44,48,65,50,64,43,11,0
"Wartortle",8,11,0,11,1,67,0,44,59,63,80,65,80,58,12,11
"Blastoise",9,11,0,12,1,67,0,44,79,83,100,85,105,78,13,12
"(Mega)_Blastoise",9,11,0,13,0,178,0,0,79,103,120,135,115,78,14,0
"Caterpie",10,7,0,14,1,19,0,50,45,30,35,20,20,45,15,0
"Metapod",11,7,0,15,1,61,0,0,50,20,55,25,25,30,16,15
"(Female)_Butterfree",12,7,3,16,1,14,0,110,60,45,50,90,80,70,17,16
"(Male)_Butterfree",12,7,3,16,1,14,0,110,60,45,50,90,80,70,18,16
"Weedle",13,7,4,17,1,19,0,50,40,35,30,20,20,50,19,0
"Kakuna",14,7,4,18,1,61,0,0,45,25,50,25,25,35,20,19
"Beedrill",15,7,4,19,1,68,0,97,65,90,40,45,80,75,21,20
"(Mega)_Beedrill",15,7,4,20,0,91,0,0,65,150,40,15,80,145,22,0
"Pidgey",16,1,3,21,1,51,77,145,40,45,40,35,35,56,23,0
"Pidgeotto",17,1,3,22,1,51,77,145,63,60,55,50,50,71,24,23
"Pidgeot",18,1,3,23,1,51,77,145,83,80,75,70,70,101,25,24
"(Mega)_Pidgeot",18,1,3,24,0,99,0,0,83,80,80,135,80,121,26,0
"(Female)_Rattata",19,1,0,25,1,50,62,55,30,56,35,25,35,72,27,0
"(Male)_Rattata",19,1,0,25,1,50,62,55,30,56,35,25,35,72,28,0
"(Alolan)_Rattata",19,17,1,26,0,82,55,47,30,56,35,25,35,72,29,0
"(Female)_Raticate",20,1,0,27,1,50,62,55,55,81,60,50,70,97,30,27
"(Male)_Raticate",20,1,0,27,1,50,62,55,55,81,60,50,70,97,31,28
"(Alolan)_Raticate",20,17,1,28,0,82,55,47,75,71,70,40,80,77,32,29
"Spearow",21,1,3,30,1,51,0,97,40,60,30,31,31,70,33,0
"Fearow",22,1,3,31,1,51,0,97,65,90,65,61,61,100,34,33
"Ekans",23,4,0,32,1,22,61,127,35,60,44,40,54,55,35,0
"Arbok",24,4,0,33,1,22,61,127,60,95,69,65,79,80,36,35
"Pichu",172,13,0,34,1,9,0,31,20,40,15,35,35,60,37,0
"Spiky-eared/Pichu",172,13,0,34,1,9,0,31,20,40,15,35,35,60,38,0
"(Female)_Pikachu",25,13,0,35,1,9,0,31,35,55,40,50,50,90,39,37
"(Male)_Pikachu",25,13,0,35,1,9,0,31,35,55,40,50,50,90,40,37
"(Cosplay)_Pikachu",25,13,0,36,0,9,0,31,35,55,40,50,50,90,41,0
"Pikachu_(Rock Star)",25,13,0,37,0,9,0,31,35,55,40,50,50,90,42,0
"Pikachu_(Belle)",25,13,0,38,0,9,0,31,35,55,40,50,50,90,43,0
"Pikachu_(Pop Star)",25,13,0,39,0,9,0,31,35,55,40,50,50,90,44,0
"Pikachu_(, Ph. D)",25,13,0,40,0,9,0,31,35,55,40,50,50,90,45,0
"Pikachu_(Libre)",25,13,0,41,0,9,0,31,35,55,40,50,50,90,46,0
"(Original Cap)_Pikachu",25,13,0,36,0,9,0,31,35,55,40,50,50,90,47,0
"(Hoenn Cap)_Pikachu",25,13,0,37,0,9,0,31,35,55,40,50,50,90,48,0
"(Sinnoh Cap)_Pikachu",25,13,0,38,0,9,0,31,35,55,40,50,50,90,49,0
"(Unova Cap)_Pikachu",25,13,0,39,0,9,0,31,35,55,40,50,50,90,50,0
"(Kalos Cap)_Pikachu",25,13,0,40,0,9,0,31,35,55,40,50,50,90,51,0
"(Alola Cap)_Pikachu",25,13,0,41,0,9,0,31,35,55,40,50,50,90,52,0
"(Partner Cap)_Pikachu",25,13,0,42,0,9,0,31,35,55,40,50,50,90,53,0
"(Female)_Raichu",26,13,0,43,1,9,0,31,60,90,55,90,80,110,54,39
"(Male)_Raichu",26,13,0,43,1,9,0,31,60,90,55,90,80,110,55,40
"(Alolan)_Raichu",26,13,14,44,0,207,0,0,60,85,50,95,85,110,56,39
"Sandshrew",27,5,0,45,1,8,0,146,50,75,85,20,30,40,57,0
"(Alolan)_Sandshrew",27,15,9,46,0,81,0,202,50,75,90,10,35,40,58,0
"Sandslash",28,5,0,47,1,8,0,146,75,100,110,45,55,65,59,57
"(Alolan)_Sandslash",28,15,9,48,0,81,0,202,75,100,120,25,65,65,60,58
"Nidoran♀",29,4,0,49,1,38,79,55,55,47,52,40,40,41,61,0
"Nidorina",30,4,0,50,1,38,79,55,70,62,67,55,55,56,62,61
"Nidoqueen",31,4,5,51,1,38,79,125,90,92,87,75,85,76,63,62
"Nidoran♂",32,4,0,52,1,38,79,55,46,57,40,40,40,50,64,0
"Nidorino",33,4,0,53,1,38,79,55,61,72,57,55,55,65,65,64
"Nidoking",34,4,5,54,1,38,79,125,81,102,77,85,75,85,66,65
"Cleffa",173,18,0,55,1,56,98,132,50,25,28,45,55,15,67,0
"Clefairy",35,18,0,56,1,56,98,132,70,45,48,60,65,35,68,67
"Clefable",36,18,0,57,1,56,98,109,95,70,73,95,90,60,69,68
"Vulpix",37,10,0,58,1,18,0,70,38,41,40,50,65,65,70,0
"(Alolan)_Vulpix",37,15,0,59,0,81,0,117,38,41,40,50,65,65,71,0
"Ninetales",38,10,0,60,1,18,0,70,73,76,75,81,100,100,72,70
"(Alolan)_Ninetales",38,15,18,61,0,81,0,117,73,67,75,81,100,109,73,71
"Igglybuff",174,1,18,62,1,56,172,132,90,30,15,40,20,15,74,0
"Jigglypuff",39,1,18,63,1,56,172,132,115,45,20,45,25,20,75,74
"Wigglytuff",40,1,18,64,1,56,172,119,140,70,45,85,50,45,76,75
"(Female)_Zubat",41,4,3,65,1,39,0,151,40,45,35,30,40,55,77,0
"(Male)_Zubat",41,4,3,65,1,39,0,151,40,45,35,30,40,55,78,0
"(Female)_Golbat",42,4,3,66,1,39,0,151,75,80,70,65,75,90,79,77
"(Male)_Golbat",42,4,3,66,1,39,0,151,75,80,70,65,75,90,80,78
"Crobat",169,4,3,67,1,39,0,151,85,90,80,70,80,130,81,79
"Oddish",43,12,4,68,1,34,0,50,45,50,55,75,65,30,82,0
"(Female)_Gloom",44,12,4,69,1,34,0,1,60,65,70,85,75,40,83,82
"(Male)_Gloom",44,12,4,69,1,34,0,1,60,65,70,85,75,40,84,82
"(Female)_Vileplume",45,12,4,70,1,34,0,27,75,80,85,110,90,50,85,83
"(Male)_Vileplume",45,12,4,70,1,34,0,27,75,80,85,110,90,50,86,83
"Bellossom",182,12,0,71,1,34,0,131,75,80,95,90,100,50,87,83
"Paras",46,7,12,72,1,27,87,6,35,70,55,45,55,25,88,0
"Parasect",47,7,12,73,1,27,87,6,60,95,80,60,80,30,89,88
"Venonat",48,7,4,74,1,14,110,50,60,55,50,40,55,45,90,0
"Venomoth",49,7,4,75,1,19,110,147,70,65,60,90,75,90,91,90
"Diglett",50,5,0,76,1,8,71,159,10,55,25,35,45,95,92,0
"(Alolan)_Diglett",50,5,9,77,0,8,221,159,10,55,30,35,45,90,93,0
"Dugtrio",51,5,0,78,1,8,71,159,35,100,50,50,70,120,94,92
"(Alolan)_Dugtrio",51,5,9,79,0,8,221,159,35,100,60,50,70,110,95,93
"Meowth",52,1,0,80,1,53,101,127,40,45,35,40,40,90,96,0
"(Alolan)_Meowth",52,17,0,81,0,53,101,155,40,35,35,50,40,90,97,0
"Persian",53,1,0,82,1,7,101,127,65,70,60,65,65,115,98,96
"(Alolan)_Persian",53,17,0,83,0,169,101,155,65,60,60,75,65,115,99,97
"Psyduck",54,11,0,84,1,6,13,33,50,52,48,65,50,55,100,0
"Golduck",55,11,0,85,1,6,13,33,80,82,78,95,80,85,101,100
"Mankey",56,2,0,86,1,72,83,128,40,80,35,35,45,70,102,0
"Primeape",57,2,0,87,1,72,83,128,65,105,60,60,70,95,103,102
"Growlithe",58,10,0,88,1,22,18,154,55,70,45,70,50,60,104,0
"Arcanine",59,10,0,89,1,22,18,154,90,110,80,100,80,95,105,104
"Poliwag",60,11,0,90,1,11,6,33,40,50,40,40,40,90,106,0
"Poliwhirl",61,11,0,91,1,11,6,33,65,65,65,50,50,90,107,106
"Poliwrath",62,11,2,92,1,11,6,33,90,95,95,70,90,70,108,107
"(Female)_Politoed",186,11,0,93,1,11,6,2,90,75,75,90,100,70,109,107
"(Male)_Politoed",186,11,0,93,1,11,6,2,90,75,75,90,100,70,110,107
"Abra",63,14,0,94,1,28,39,98,25,20,15,105,55,90,111,0
"(Female)_Kadabra",64,14,0,95,1,28,39,98,40,35,30,120,70,105,112,111
"(Male)_Kadabra",64,14,0,95,1,28,39,98,40,35,30,120,70,105,113,111
"(Female)_Alakazam",65,14,0,96,1,28,39,98,55,50,45,135,95,120,114,112
"(Male)_Alakazam",65,14,0,96,1,28,39,98,55,50,45,135,95,120,115,113
"(Mega)_Alakazam",65,14,0,97,0,36,0,0,55,50,65,175,105,150,116,0
"Machop",66,2,0,98,1,62,99,80,70,80,50,35,35,35,117,0
"Machoke",67,2,0,99,1,62,99,80,80,100,70,50,60,45,118,117
"Machamp",68,2,0,100,1,62,99,80,90,130,80,65,85,55,119,118
"Bellsprout",69,12,4,101,1,34,0,82,50,75,35,70,30,40,120,0
"Weepinbell",70,12,4,102,1,34,0,82,65,90,50,85,45,55,121,120
"Victreebel",71,12,4,103,1,34,0,82,80,105,65,100,70,70,122,121
"Tentacool",72,11,4,104,1,29,64,44,40,40,35,50,100,70,123,0
"Tentacruel",73,11,4,105,1,29,64,44,80,70,65,80,120,100,124,123
"Geodude",74,6,5,106,1,69,5,8,40,80,100,30,30,20,125,0
"(Alolan)_Geodude",74,6,13,107,0,42,5,206,40,80,100,30,30,20,126,0
"Graveler",75,6,5,108,1,69,5,8,55,95,115,45,45,35,127,125
"(Alolan)_Graveler",75,6,13,109,0,42,5,206,55,95,115,45,45,35,128,126
"Golem",76,6,5,110,1,69,5,8,80,120,130,55,65,45,129,127
"(Alolan)_Golem",76,6,13,111,0,42,5,206,80,120,130,55,65,45,130,128
"Ponyta",77,10,0,112,1,50,18,49,50,85,55,65,65,90,131,0
"Rapidash",78,10,0,113,1,50,18,49,65,100,70,80,80,105,132,131
"Slowpoke",79,11,14,114,1,12,20,144,90,65,65,40,40,15,133,0
"Slowbro",80,11,14,115,1,12,20,144,95,75,110,100,80,30,134,133
"(Mega)_Slowbro",80,11,14,116,0,75,0,0,95,75,180,130,80,30,135,0
"Slowking",199,11,14,117,1,12,20,144,95,75,80,100,110,30,136,133
"Magnemite",81,13,9,118,1,42,5,148,25,35,70,95,55,45,137,0
"Magneton",82,13,9,119,1,42,5,148,50,60,95,120,70,70,138,137
"Magnezone",462,13,9,120,1,42,5,148,70,70,115,130,90,60,139,138
"Farfetch'd",83,1,3,121,1,51,39,128,52,90,55,58,62,60,140,0
"(Female)_Doduo",84,1,3,122,1,50,48,77,35,85,45,35,35,75,141,0
"(Male)_Doduo",84,1,3,122,1,50,48,77,35,85,45,35,35,75,142,0
"(Female)_Dodrio",85,1,3,123,1,50,48,77,60,110,70,60,60,110,143,141
"(Male)_Dodrio",85,1,3,123,1,50,48,77,60,110,70,60,60,110,144,142
"Seel",86,11,0,124,1,47,93,115,65,45,55,45,70,45,145,0
"Dewgong",87,11,15,125,1,47,93,115,90,70,80,70,95,70,146,145
"Grimer",88,4,0,126,1,1,60,143,80,80,50,40,50,25,147,0
"(Alolan)_Grimer",88,4,17,127,0,143,82,223,80,80,50,40,50,25,148,0
"Muk",89,4,0,128,1,1,60,143,105,105,75,65,100,50,149,147
"(Alolan)_Muk",89,4,17,129,0,143,82,223,105,105,75,65,100,50,150,148
"Shellder",90,11,0,130,1,75,92,142,30,65,100,45,25,40,151,0
"Cloyster",91,11,15,131,1,75,92,142,50,95,180,85,45,70,152,151
"Gastly",92,8,4,132,1,26,0,0,30,35,30,100,35,80,153,0
"Haunter",93,8,4,133,1,26,0,0,45,50,45,115,55,95,154,153
"Gengar",94,8,4,134,1,130,0,0,60,65,60,130,75,110,155,154
"(Mega)_Gengar",94,8,4,135,0,23,0,0,60,65,80,170,95,130,156,0
"Onix",95,6,5,136,1,69,5,133,35,45,160,30,45,70,157,0
"(Female)_Steelix",208,9,5,137,1,69,5,125,75,85,200,55,65,30,158,157
"(Male)_Steelix",208,9,5,137,1,69,5,125,75,85,200,55,65,30,159,157
"(Mega)_Steelix",208,9,5,138,0,159,0,0,75,125,230,55,95,30,160,0
"Drowzee",96,14,0,139,1,15,108,39,60,48,45,43,90,42,161,0
"(Female)_Hypno",97,14,0,140,1,15,108,39,85,73,70,73,115,67,162,161
"(Male)_Hypno",97,14,0,140,1,15,108,39,85,73,70,73,115,67,163,161
"Krabby",98,11,0,141,1,52,75,125,30,105,90,25,25,50,164,0
"Kingler",99,11,0,142,1,52,75,125,55,130,115,50,50,75,165,164
"Voltorb",100,13,0,143,1,43,9,106,40,30,50,55,55,100,166,0
"Electrode",101,13,0,144,1,43,9,106,60,50,70,80,80,150,167,166
"Exeggcute",102,12,14,145,1,34,0,139,60,40,80,60,45,40,168,0
"Exeggutor",103,12,14,146,1,34,0,139,95,95,85,125,75,55,169,168
"(Alolan)_Exeggutor",103,12,16,147,0,119,0,139,95,105,85,125,75,45,170,168
"Cubone",104,5,0,148,1,69,31,4,50,50,95,40,50,35,171,0
"Marowak",105,5,0,149,1,69,31,4,60,80,110,50,80,45,172,171
"(Alolan)_Marowak",105,10,8,150,0,130,31,69,60,80,110,50,80,45,173,171
"Tyrogue",236,2,0,152,1,62,80,72,35,35,35,35,35,35,174,0
"Hitmonlee",106,2,0,153,1,7,120,84,50,120,53,35,110,87,175,174
"Hitmonchan",107,2,0,154,1,51,89,39,50,105,79,35,110,76,176,174
"Hitmontop",237,2,0,155,1,22,101,80,50,95,95,35,110,70,177,174
"Lickitung",108,1,0,156,1,20,12,13,90,55,75,60,75,30,178,0
"Lickilicky",463,1,0,157,1,20,12,13,110,85,95,80,95,50,179,178
"Koffing",109,4,0,158,1,26,0,0,40,65,95,60,45,35,180,0
"Weezing",110,4,0,159,1,26,0,0,65,90,120,85,70,60,181,180
"(Female)_Rhyhorn",111,5,6,160,1,31,69,120,80,85,95,30,30,25,182,0
"(Male)_Rhyhorn",111,5,6,160,1,31,69,120,80,85,95,30,30,25,183,0
"(Female)_Rhydon",112,5,6,161,1,31,69,120,105,130,120,45,45,40,184,182
"(Male)_Rhydon",112,5,6,161,1,31,69,120,105,130,120,45,45,40,185,183
"(Female)_Rhyperior",464,5,6,162,1,31,116,120,115,140,130,55,55,40,186,184
"(Male)_Rhyperior",464,5,6,162,1,31,116,120,115,140,130,55,55,40,187,185
"Happiny",440,1,0,163,1,30,32,132,100,5,5,15,65,30,188,0
"Chansey",113,1,0,164,1,30,32,131,250,5,5,35,105,50,189,188
"Blissey",242,1,0,165,1,30,32,131,255,10,10,75,135,55,190,189
"Tangela",114,12,0,166,1,34,102,144,65,55,115,100,40,60,191,0
"(Female)_Tangrowth",465,12,0,167,1,34,102,144,100,100,125,110,50,50,192,191
"(Male)_Tangrowth",465,12,0,167,1,34,102,144,100,100,125,110,50,50,193,191
"Kangaskhan",115,1,0,168,1,48,113,39,105,95,80,40,80,90,194,0
"(Mega)_Kangaskhan",115,1,0,169,0,185,0,0,105,125,100,60,100,100,195,0
"Horsea",116,11,0,170,1,33,97,6,30,40,70,70,25,60,196,0
"Seadra",117,11,0,171,1,38,97,6,55,65,95,95,45,85,197,196
"Kingdra",230,11,16,172,1,33,97,6,75,95,95,95,95,85,198,197
"(Female)_Goldeen",118,11,0,173,1,33,41,31,45,67,60,35,50,63,199,0
"(Male)_Goldeen",118,11,0,173,1,33,41,31,45,67,60,35,50,63,200,0
"(Female)_Seaking",119,11,0,174,1,33,41,31,80,92,65,65,80,68,201,199
"(Male)_Seaking",119,11,0,174,1,33,41,31,80,92,65,65,80,68,202,200
"Staryu",120,11,0,175,1,35,30,148,30,45,55,70,55,85,203,0
"Starmie",121,11,14,176,1,35,30,148,60,75,85,100,85,115,204,203
"Mime Jr.",439,14,18,177,1,43,111,101,20,25,45,70,90,60,205,0
"Mr. Mime",122,14,18,178,1,43,111,101,40,45,65,100,120,90,206,205
"(Female)_Scyther",123,7,3,179,1,68,101,80,70,110,80,55,80,105,207,0
"(Male)_Scyther",123,7,3,179,1,68,101,80,70,110,80,55,80,105,208,0
"(Female)_Scizor",212,7,9,180,1,68,101,135,70,130,100,55,80,65,209,207
"(Male)_Scizor",212,7,9,180,1,68,101,135,70,130,100,55,80,65,210,208
"(Mega)_Scizor",212,7,9,181,0,101,0,0,70,150,140,65,100,75,211,0
"Smoochum",238,15,14,182,1,12,108,93,45,30,15,85,65,65,212,0
"Jynx",124,15,14,183,1,12,108,87,65,50,35,115,95,95,213,212
"Elekid",239,13,0,184,1,9,0,72,45,63,37,65,55,95,214,0
"Electabuzz",125,13,0,185,1,9,0,72,65,83,57,95,85,105,215,214
"Electivire",466,13,0,186,1,78,0,72,75,123,67,95,85,95,216,215
"Magby",240,10,0,187,1,49,0,72,45,75,37,70,55,83,217,0
"Magmar",126,10,0,188,1,49,0,72,65,95,57,100,85,93,218,217
"Magmortar",467,10,0,189,1,49,0,72,75,95,67,125,95,83,219,218
"Pinsir",127,7,0,190,1,52,104,153,65,125,100,55,70,85,220,0
"(Mega)_Pinsir",127,7,3,191,0,184,0,0,65,155,120,65,90,105,221,0
"Tauros",128,1,0,192,1,22,83,125,75,100,95,40,70,110,222,0
"(Female)_Magikarp",129,11,0,193,1,33,0,155,20,10,55,15,20,80,223,0
"(Male)_Magikarp",129,11,0,193,1,33,0,155,20,10,55,15,20,80,224,0
"(Female)_Gyarados",130,11,3,194,1,22,0,153,95,125,79,60,100,81,225,223
"(Male)_Gyarados",130,11,3,194,1,22,0,153,95,125,79,60,100,81,226,224
"(Mega)_Gyarados",130,11,17,195,0,104,0,0,95,155,109,70,130,81,227,0
"Lapras",131,11,15,196,1,11,75,93,130,85,80,85,95,60,228,0
"Ditto",132,1,0,197,1,7,0,150,48,48,48,48,48,48,229,0
"Eevee",133,1,0,198,1,50,91,107,55,55,50,45,65,55,230,0
"Vaporeon",134,11,0,199,1,11,0,93,130,65,60,110,95,65,231,230
"Jolteon",135,13,0,200,1,10,0,95,65,65,60,110,95,130,232,230
"Flareon",136,10,0,201,1,18,0,62,65,130,60,95,110,65,233,230
"Espeon",196,14,0,202,1,28,0,156,65,65,60,130,95,110,234,230
"Umbreon",197,17,0,203,1,28,0,39,95,65,110,60,130,65,235,230
"Leafeon",470,12,0,204,1,102,0,34,65,110,130,60,65,95,236,230
"Glaceon",471,15,0,205,1,81,0,115,65,60,110,130,95,65,237,230
"Sylveon",700,18,0,206,1,56,0,182,95,65,65,110,130,60,238,230
"Porygon",137,1,0,207,1,36,88,148,65,60,70,85,75,40,239,0
"Porygon2",233,1,0,208,1,36,88,148,85,80,90,105,95,60,240,239
"Porygon-Z",474,1,0,209,1,91,88,148,85,80,70,135,75,90,241,240
"Omanyte",138,6,11,210,1,33,75,133,35,40,100,90,55,35,242,0
"Omastar",139,6,11,211,1,33,75,133,70,60,125,115,70,55,243,242
"Kabuto",140,6,11,212,1,33,4,133,30,80,90,55,45,55,244,0
"Kabutops",141,6,11,213,1,33,4,133,60,115,105,65,70,80,245,244
"Aerodactyl",142,6,3,214,1,69,46,127,80,105,65,60,75,130,246,0
"(Mega)_Aerodactyl",142,6,3,215,0,181,0,0,80,135,85,70,95,150,247,0
"Munchlax",446,1,0,216,1,53,47,82,135,85,40,40,85,5,248,0
"Snorlax",143,1,0,217,1,17,47,82,160,110,65,65,110,30,249,248
"Articuno",144,15,3,218,1,46,0,81,90,85,100,95,125,85,250,0
"Zapdos",145,13,3,219,1,46,0,9,90,90,85,125,90,100,251,0
"Moltres",146,10,3,220,1,46,0,49,90,100,90,125,85,90,252,0
"Dratini",147,16,0,221,1,61,0,63,41,64,45,50,50,50,253,0
"Dragonair",148,16,0,222,1,61,0,63,61,84,65,70,70,70,254,253
"Dragonite",149,16,3,223,1,39,0,136,91,134,95,100,100,80,255,254
"Mewtwo",150,14,0,224,1,46,0,127,106,110,90,154,90,130,256,0
"(Mega)_Mewtwo_(X)",150,14,2,225,0,80,0,0,106,190,100,154,100,130,257,0
"(Mega)_Mewtwo_(Y)",150,14,0,226,0,15,0,0,106,150,70,194,120,140,258,0
"Mew",151,14,0,227,1,28,0,0,100,100,100,100,100,100,259,0
"Chikorita",152,12,0,228,1,65,0,102,45,49,65,49,65,45,260,0
"Bayleef",153,12,0,229,1,65,0,102,60,62,80,63,80,60,261,260
"(Female)_Meganium",154,12,0,230,1,65,0,102,80,82,100,83,100,80,262,261
"(Male)_Meganium",154,12,0,230,1,65,0,102,80,82,100,83,100,80,263,261
"Cyndaquil",155,10,0,231,1,66,0,18,39,52,43,60,50,65,264,0
"Quilava",156,10,0,232,1,66,0,18,58,64,58,80,65,80,265,264
"Typhlosion",157,10,0,233,1,66,0,18,78,84,78,109,85,100,266,265
"Totodile",158,11,0,234,1,67,0,125,50,65,64,44,48,43,267,0
"Croconaw",159,11,0,235,1,67,0,125,65,80,80,59,63,58,268,267
"Feraligatr",160,11,0,236,1,67,0,125,85,105,100,79,83,78,269,268
"Sentret",161,1,0,237,1,50,51,119,35,46,34,35,45,20,270,0
"Furret",162,1,0,238,1,50,51,119,85,76,64,45,55,90,271,270
"Hoothoot",163,1,3,239,1,15,51,110,60,30,30,36,56,50,272,0
"Noctowl",164,1,3,240,1,15,51,110,100,50,50,86,96,70,273,272
"(Female)_Ledyba",165,7,3,241,1,68,48,155,40,20,30,40,80,55,274,0
"(Male)_Ledyba",165,7,3,241,1,68,48,155,40,20,30,40,80,55,275,0
"(Female)_Ledian",166,7,3,242,1,68,48,89,55,35,50,55,110,85,276,274
"(Male)_Ledian",166,7,3,242,1,68,48,89,55,35,50,55,110,85,277,275
"Spinarak",167,7,4,243,1,68,15,97,40,60,40,40,40,30,278,0
"Ariados",168,7,4,244,1,68,15,97,70,90,70,60,70,40,279,278
"Chinchou",170,11,13,245,1,10,35,11,75,38,38,56,56,67,280,0
"Lanturn",171,11,13,246,1,10,35,11,125,58,58,76,76,67,281,280
"Togepi",175,18,0,247,1,55,32,105,35,20,65,40,65,20,282,0
"Togetic",176,18,3,248,1,55,32,105,55,40,85,80,105,40,283,282
"Togekiss",468,18,3,249,1,55,32,105,85,50,95,120,115,80,284,283
"Natu",177,14,3,250,1,28,48,156,40,50,45,70,45,70,285,0
"(Female)_Xatu",178,14,3,251,1,28,48,156,65,75,70,95,70,95,286,285
"(Male)_Xatu",178,14,3,251,1,28,48,156,65,75,70,95,70,95,287,285
"Mareep",179,13,0,252,1,9,0,57,55,40,40,65,45,35,288,0
"Flaaffy",180,13,0,253,1,9,0,57,70,55,55,80,60,45,289,288
"Ampharos",181,13,0,254,1,9,0,57,90,75,85,115,90,55,290,289
"(Mega)_Ampharos",181,13,16,255,0,104,0,0,90,95,105,165,110,45,291,0
"Azurill",298,1,18,256,1,47,37,157,50,20,40,20,40,20,292,0
"Marill",183,11,18,257,1,47,37,157,70,20,50,20,50,40,293,292
"Azumarill",184,11,18,258,1,47,37,157,100,50,80,60,80,50,294,293
"Bonsly",438,6,0,259,1,5,69,155,50,80,95,10,45,10,295,0
"(Female)_Sudowoodo",185,6,0,260,1,5,69,155,70,100,115,30,65,30,296,295
"(Male)_Sudowoodo",185,6,0,260,1,5,69,155,70,100,115,30,65,30,297,295
"Hoppip",187,12,3,261,1,34,102,151,35,35,40,35,55,50,298,0
"Skiploom",188,12,3,262,1,34,102,151,55,45,50,45,65,80,299,298
"Jumpluff",189,12,3,263,1,34,102,151,75,55,70,55,95,110,300,299
"(Female)_Aipom",190,1,0,264,1,50,53,92,55,70,55,40,55,85,301,0
"(Male)_Aipom",190,1,0,264,1,50,53,92,55,70,55,40,55,85,302,0
"(Female)_Ambipom",424,1,0,265,1,101,53,92,75,100,66,60,66,115,303,301
"(Male)_Ambipom",424,1,0,265,1,101,53,92,75,100,66,60,66,115,304,302
"Sunkern",191,12,0,266,1,34,94,48,30,30,30,30,30,30,305,0
"Sunflora",192,12,0,267,1,34,94,48,75,75,55,105,85,30,306,305
"Yanma",193,7,3,268,1,3,14,119,65,65,45,75,45,95,307,0
"Yanmega",469,7,3,269,1,3,110,119,86,76,86,116,56,95,308,307
"(Female)_Wooper",194,11,5,270,1,6,11,109,55,45,45,25,25,15,309,0
"(Male)_Wooper",194,11,5,270,1,6,11,109,55,45,45,25,25,15,310,0
"(Female)_Quagsire",195,11,5,271,1,6,11,109,95,85,85,65,65,35,311,309
"(Male)_Quagsire",195,11,5,271,1,6,11,109,95,85,85,65,65,35,312,310
"(Female)_Murkrow",198,17,3,272,1,15,105,158,60,85,42,85,42,91,313,0
"(Male)_Murkrow",198,17,3,272,1,15,105,158,60,85,42,85,42,91,314,0
"Honchkrow",430,17,3,273,1,15,105,153,100,125,52,105,52,71,315,313
"Misdreavus",200,8,0,274,1,26,0,0,60,60,60,85,85,85,316,0
"Mismagius",429,8,0,275,1,26,0,0,60,60,60,105,105,105,317,316
"Unown_(A)",201,14,0,276,1,26,0,0,48,72,48,72,48,48,318,0
"Unown_(B)",201,14,0,276,1,26,0,0,48,72,48,72,48,48,319,0
"Unown_(C)",201,14,0,276,1,26,0,0,48,72,48,72,48,48,320,0
"Unown_(D)",201,14,0,276,1,26,0,0,48,72,48,72,48,48,321,0
"Unown_(E)",201,14,0,276,1,26,0,0,48,72,48,72,48,48,322,0
"Unown_(F)",201,14,0,276,1,26,0,0,48,72,48,72,48,48,323,0
"Unown_(G)",201,14,0,276,1,26,0,0,48,72,48,72,48,48,324,0
"Unown_(H)",201,14,0,276,1,26,0,0,48,72,48,72,48,48,325,0
"Unown_(I)",201,14,0,276,1,26,0,0,48,72,48,72,48,48,326,0
"Unown_(J)",201,14,0,276,1,26,0,0,48,72,48,72,48,48,327,0
"Unown_(K)",201,14,0,276,1,26,0,0,48,72,48,72,48,48,328,0
"Unown_(L)",201,14,0,276,1,26,0,0,48,72,48,72,48,48,329,0
"Unown_(M)",201,14,0,276,1,26,0,0,48,72,48,72,48,48,330,0
"Unown_(N)",201,14,0,276,1,26,0,0,48,72,48,72,48,48,331,0
"Unown_(O)",201,14,0,276,1,26,0,0,48,72,48,72,48,48,332,0
"Unown_(P)",201,14,0,276,1,26,0,0,48,72,48,72,48,48,333,0
"Unown_(Q)",201,14,0,276,1,26,0,0,48,72,48,72,48,48,334,0
"Unown_(R)",201,14,0,276,1,26,0,0,48,72,48,72,48,48,335,0
"Unown_(S)",201,14,0,276,1,26,0,0,48,72,48,72,48,48,336,0
"Unown_(T)",201,14,0,276,1,26,0,0,48,72,48,72,48,48,337,0
"Unown_(U)",201,14,0,276,1,26,0,0,48,72,48,72,48,48,338,0
"Unown_(V)",201,14,0,276,1,26,0,0,48,72,48,72,48,48,339,0
"Unown_(W)",201,14,0,276,1,26,0,0,48,72,48,72,48,48,340,0
"Unown_(X)",201,14,0,276,1,26,0,0,48,72,48,72,48,48,341,0
"Unown_(Y)",201,14,0,276,1,26,0,0,48,72,48,72,48,48,342,0
"Unown_(Z)",201,14,0,276,1,26,0,0,48,72,48,72,48,48,343,0
"Unown_(!)",201,14,0,276,1,26,0,0,48,72,48,72,48,48,344,0
"Unown_(?)",201,14,0,276,1,26,0,0,48,72,48,72,48,48,345,0
"Wynaut",360,14,0,277,1,23,0,140,95,23,48,23,48,23,346,0
"(Female)_Wobbuffet",202,14,0,278,1,23,0,140,190,33,58,33,58,33,347,346
"(Male)_Wobbuffet",202,14,0,278,1,23,0,140,190,33,58,33,58,33,348,346
"(Female)_Girafarig",203,1,14,279,1,39,48,157,70,80,65,90,65,85,349,0
"(Male)_Girafarig",203,1,14,279,1,39,48,157,70,80,65,90,65,85,350,0
"Pineco",204,7,0,280,1,5,0,142,50,65,90,35,35,15,351,0
"Forretress",205,7,9,281,1,5,0,142,75,90,140,60,60,40,352,351
"Dunsparce",206,1,0,282,1,32,50,155,100,70,70,65,65,45,353,0
"(Female)_Gligar",207,5,3,283,1,52,8,17,65,75,105,35,65,85,354,0
"(Male)_Gligar",207,5,3,283,1,52,8,17,65,75,105,35,65,85,355,0
"Gliscor",472,5,3,284,1,52,8,90,75,95,125,45,75,95,356,354
"Snubbull",209,18,0,285,1,22,50,155,60,80,50,40,40,30,357,0
"Granbull",210,18,0,286,1,22,95,155,90,120,75,60,60,45,358,357
"Qwilfish",211,11,4,287,1,38,33,22,65,95,85,55,55,85,359,0
"Shuckle",213,7,6,288,1,5,82,126,20,10,230,10,230,5,360,0
"(Female)_Heracross",214,7,2,289,1,68,62,153,80,125,75,40,95,85,361,0
"(Male)_Heracross",214,7,2,289,1,68,62,153,80,125,75,40,95,85,362,0
"(Mega)_Heracross",214,7,2,290,0,92,0,0,80,185,115,40,105,75,363,0
"(Female)_Sneasel",215,17,15,291,1,39,51,124,55,95,55,35,75,115,364,0
"(Male)_Sneasel",215,17,15,291,1,39,51,124,55,95,55,35,75,115,365,0
"(Female)_Weavile",461,17,15,292,1,46,0,124,70,120,65,45,85,125,366,364
"(Male)_Weavile",461,17,15,292,1,46,0,124,70,120,65,45,85,125,367,365
"Teddiursa",216,1,0,293,1,53,95,118,60,80,50,50,50,40,368,0
"(Female)_Ursaring",217,1,0,294,1,62,95,127,90,130,75,75,75,55,369,368
"(Male)_Ursaring",217,1,0,294,1,62,95,127,90,130,75,75,75,55,370,368
"Slugma",218,10,0,295,1,40,49,133,40,40,40,70,40,20,371,0
"Magcargo",219,10,6,296,1,40,49,133,60,50,120,90,80,30,372,371
"Swinub",220,15,5,297,1,12,81,47,50,50,40,30,30,50,373,0
"(Female)_Piloswine",221,15,5,298,1,12,81,47,100,100,80,60,60,50,374,373
"(Male)_Piloswine",221,15,5,298,1,12,81,47,100,100,80,60,60,50,375,373
"(Female)_Mamoswine",473,15,5,299,1,12,81,47,110,130,80,70,60,80,376,374
"(Male)_Mamoswine",473,15,5,299,1,12,81,47,110,130,80,70,60,80,377,375
"Corsola",222,11,6,300,1,55,30,144,65,55,95,65,95,35,378,0
"Remoraid",223,11,0,301,1,55,97,141,35,65,35,65,35,65,379,0
"(Female)_Octillery",224,11,0,302,1,21,97,141,75,105,75,105,75,45,380,379
"(Male)_Octillery",224,11,0,302,1,21,97,141,75,105,75,105,75,45,381,379
"Delibird",225,15,3,303,1,72,55,15,45,55,45,65,45,75,382,0
"Mantyke",458,11,3,304,1,33,11,41,45,20,50,60,120,50,383,0
"Mantine",226,11,3,305,1,33,11,41,85,40,70,80,140,70,384,383
"Skarmory",227,9,3,306,1,51,5,133,65,80,140,40,70,70,385,0
"Houndour",228,17,10,307,1,48,18,127,45,60,30,80,50,65,386,0
"(Female)_Houndoom",229,17,10,308,1,48,18,127,75,90,50,110,80,95,387,386
"(Male)_Houndoom",229,17,10,308,1,48,18,127,75,90,50,110,80,95,388,386
"(Mega)_Houndoom",229,17,10,309,0,94,0,0,75,90,90,140,90,115,389,0
"Phanpy",231,5,0,310,1,53,0,8,90,60,60,40,40,40,390,0
"(Female)_Donphan",232,5,0,311,1,5,0,8,90,120,120,60,60,50,391,390
"(Male)_Donphan",232,5,0,311,1,5,0,8,90,120,120,60,60,50,392,390
"Stantler",234,1,0,312,1,22,119,157,73,95,62,85,65,85,393,0
"Smeargle",235,1,0,313,1,20,101,141,55,20,35,20,45,75,394,0
"Miltank",241,1,0,314,1,47,113,157,95,80,105,40,70,100,395,0
"Raikou",243,13,0,315,1,46,0,39,90,85,75,115,100,115,396,0
"Entei",244,10,0,316,1,46,0,39,115,115,85,90,75,100,397,0
"Suicune",245,11,0,317,1,46,0,39,100,75,115,90,115,85,398,0
"Larvitar",246,6,5,318,1,62,0,8,50,64,50,45,50,41,399,0
"Pupitar",247,6,5,319,1,61,0,0,70,84,70,65,70,51,400,399
"Tyranitar",248,6,17,320,1,45,0,127,100,134,110,95,100,61,401,400
"(Mega)_Tyranitar",248,6,17,321,0,45,0,0,100,164,150,95,120,71,402,0
"Lugia",249,14,3,322,1,46,0,136,106,90,130,90,154,110,403,0
"Ho-Oh",250,10,3,323,1,46,0,144,106,130,90,110,154,90,404,0
"Celebi",251,14,12,324,1,30,0,0,100,100,100,100,100,100,405,0
"Treecko",252,12,0,325,1,65,0,84,40,45,35,65,55,70,406,0
"Grovyle",253,12,0,326,1,65,0,84,50,65,45,85,65,95,407,406
"Sceptile",254,12,0,327,1,65,0,84,70,85,65,105,85,120,408,407
"(Mega)_Sceptile",254,12,16,328,0,31,0,0,70,110,75,145,85,145,409,0
"(Female)_Torchic",255,10,0,329,1,66,0,3,45,60,40,70,50,45,410,0
"(Male)_Torchic",255,10,0,329,1,66,0,3,45,60,40,70,50,45,411,0
"(Female)_Combusken",256,10,2,330,1,66,0,3,60,85,60,85,60,55,412,410
"(Male)_Combusken",256,10,2,330,1,66,0,3,60,85,60,85,60,55,413,411
"(Female)_Blaziken",257,10,2,331,1,66,0,3,80,120,70,110,70,80,414,412
"(Male)_Blaziken",257,10,2,331,1,66,0,3,80,120,70,110,70,80,415,413
"(Mega)_Blaziken",257,10,2,332,0,3,0,0,80,160,80,130,80,100,416,0
"Mudkip",258,11,0,333,1,67,0,6,50,70,50,50,50,40,417,0
"Marshtomp",259,11,5,334,1,67,0,6,70,85,70,60,70,50,418,417
"Swampert",260,11,5,335,1,67,0,6,100,110,90,85,90,60,419,418
"(Mega)_Swampert",260,11,5,336,0,33,0,0,100,150,110,95,110,70,420,0
"Poochyena",261,17,0,337,1,50,95,155,35,55,35,30,30,35,421,0
"Mightyena",262,17,0,338,1,22,95,153,70,90,70,60,60,70,422,421
"Zigzagoon",263,1,0,339,1,53,82,95,38,30,41,30,41,60,423,0
"Linoone",264,1,0,340,1,53,82,95,78,70,61,50,61,100,424,423
"Wurmple",265,7,0,341,1,19,0,50,45,45,35,20,30,20,425,0
"Silcoon",266,7,0,342,1,61,0,0,50,35,55,25,25,15,426,425
"(Female)_Beautifly",267,7,3,343,1,68,0,79,60,70,50,100,50,65,427,426
"(Male)_Beautifly",267,7,3,343,1,68,0,79,60,70,50,100,50,65,428,426
"Cascoon",268,7,0,344,1,61,0,0,50,35,55,25,25,15,429,425
"(Female)_Dustox",269,7,4,345,1,19,0,14,60,50,70,50,90,65,430,429
"(Male)_Dustox",269,7,4,345,1,19,0,14,60,50,70,50,90,65,431,429
"Lotad",270,11,12,346,1,33,44,20,40,30,30,40,50,30,432,0
"Lombre",271,11,12,347,1,33,44,20,60,50,50,60,70,50,433,432
"(Female)_Ludicolo",272,11,12,348,1,33,44,20,80,70,70,90,100,70,434,433
"(Male)_Ludicolo",272,11,12,348,1,33,44,20,80,70,70,90,100,70,435,433
"Seedot",273,12,0,349,1,34,48,124,40,40,50,30,30,30,436,0
"(Female)_Nuzleaf",274,12,17,350,1,34,48,124,70,70,40,60,40,60,437,436
"(Male)_Nuzleaf",274,12,17,350,1,34,48,124,70,70,40,60,40,60,438,436
"(Female)_Shiftry",275,12,17,351,1,34,48,124,90,100,60,90,60,80,439,437
"(Male)_Shiftry",275,12,17,351,1,34,48,124,90,100,60,90,60,80,440,438
"Taillow",276,1,3,352,1,62,0,113,40,55,30,30,30,85,441,0
"Swellow",277,1,3,353,1,62,0,113,60,85,60,75,50,125,442,441
"Wingull",278,11,3,354,1,51,93,44,40,30,30,55,30,85,443,0
"Pelipper",279,11,3,355,1,51,2,44,60,50,100,95,70,65,444,443
"Ralts",280,14,18,356,1,28,36,140,28,25,25,45,35,40,445,0
"Kirlia",281,14,18,357,1,28,36,140,38,35,35,65,55,50,446,445
"Gardevoir",282,14,18,358,1,28,36,140,68,65,65,125,115,80,447,446
"(Mega)_Gardevoir",282,14,18,359,0,182,0,0,68,85,65,165,135,100,448,0
"Gallade",475,14,2,360,1,80,0,154,68,125,65,65,115,80,449,446
"(Mega)_Gallade",475,14,2,361,0,39,0,0,68,165,95,65,115,110,450,0
"Surskit",283,7,11,362,1,33,0,44,40,30,32,50,52,65,451,0
"Masquerain",284,7,3,363,1,22,0,127,70,60,62,100,82,80,452,451
"Shroomish",285,12,0,364,1,27,90,95,60,40,60,40,60,35,453,0
"Breloom",286,12,2,365,1,27,90,101,60,130,80,60,60,70,454,453
"Slakoth",287,1,0,366,1,54,0,0,60,60,60,35,35,30,455,0
"Vigoroth",288,1,0,367,1,72,0,0,80,80,80,55,55,90,456,455
"Slaking",289,1,0,368,1,54,0,0,150,160,100,95,65,100,457,456
"Nincada",290,7,5,369,1,14,0,50,31,45,90,30,30,40,458,0
"Ninjask",291,7,3,370,1,3,0,151,61,90,45,50,50,160,459,458
"Shedinja",292,7,8,371,1,25,0,0,1,90,45,30,30,40,460,458
"Whismur",293,1,0,372,1,43,0,155,64,51,23,51,23,28,461,0
"Loudred",294,1,0,373,1,43,0,113,84,71,43,71,43,48,462,461
"Exploud",295,1,0,374,1,43,0,113,104,91,63,91,73,68,463,462
"Makuhita",296,2,0,375,1,47,62,125,72,60,30,20,30,25,464,0
"Hariyama",297,2,0,376,1,47,62,125,144,120,60,40,60,50,465,464
"Nosepass",299,6,0,377,1,5,42,159,30,45,135,45,90,30,466,0
"Probopass",476,6,9,378,1,5,42,159,60,55,145,75,150,40,467,466
"Skitty",300,1,0,379,1,56,96,147,50,45,45,35,35,50,468,0
"Delcatty",301,1,0,380,1,56,96,147,70,65,65,55,55,90,469,468
"Sableye",302,17,8,381,1,51,100,158,50,75,75,65,65,50,470,0
"(Mega)_Sableye",302,17,8,382,0,156,0,0,50,85,125,85,115,20,471,0
"Mawile",303,9,18,383,1,52,22,125,50,85,85,55,55,50,472,0
"(Mega)_Mawile",303,9,18,384,0,37,0,0,50,105,125,55,95,50,473,0
"Aron",304,9,6,385,1,5,69,134,50,70,100,40,40,30,474,0
"Lairon",305,9,6,386,1,5,69,134,60,90,140,50,50,40,475,474
"Aggron",306,9,6,387,1,5,69,134,70,110,180,60,60,50,476,475
"(Mega)_Aggron",306,9,0,388,0,111,0,0,70,140,230,60,80,50,477,0
"(Female)_Meditite",307,2,14,389,1,74,0,140,30,40,55,40,55,60,478,0
"(Male)_Meditite",307,2,14,389,1,74,0,140,30,40,55,40,55,60,479,0
"(Female)_Medicham",308,2,14,390,1,74,0,140,60,60,75,60,75,80,480,478
"(Male)_Medicham",308,2,14,390,1,74,0,140,60,60,75,60,75,80,481,479
"(Mega)_Medicham",308,2,14,391,0,74,0,0,60,100,85,80,85,100,482,0
"Electrike",309,13,0,392,1,9,31,58,40,45,40,65,40,65,483,0
"Manectric",310,13,0,393,1,9,31,58,70,75,60,105,60,105,484,483
"(Mega)_Manectric",310,13,0,394,0,22,0,0,70,75,80,135,80,135,485,0
"Plusle",311,13,0,395,1,57,0,31,60,50,40,85,75,95,486,0
"Minun",312,13,0,396,1,58,0,10,60,40,50,75,85,95,487,0
"Volbeat",313,7,0,397,1,35,68,158,65,73,75,47,85,85,488,0
"Illumise",314,7,0,398,1,12,110,158,65,47,75,73,85,85,489,0
"Budew",406,12,4,399,1,30,38,102,40,30,35,50,70,55,490,0
"(Female)_Roselia",315,12,4,400,1,30,38,102,50,60,45,100,80,65,491,490
"(Male)_Roselia",315,12,4,400,1,30,38,102,50,60,45,100,80,65,492,490
"(Female)_Roserade",407,12,4,401,1,30,38,101,60,70,65,125,105,90,493,491
"(Male)_Roserade",407,12,4,401,1,30,38,101,60,70,65,125,105,90,494,492
"(Female)_Gulpin",316,4,0,402,1,64,60,82,70,43,53,43,53,40,495,0
"(Male)_Gulpin",316,4,0,402,1,64,60,82,70,43,53,43,53,40,496,0
"(Female)_Swalot",317,4,0,403,1,64,60,82,100,73,83,73,83,55,497,495
"(Male)_Swalot",317,4,0,403,1,64,60,82,100,73,83,73,83,55,498,496
"Carvanha",318,11,17,404,1,24,0,3,45,90,20,65,20,65,499,0
"Sharpedo",319,11,17,405,1,24,0,3,70,120,40,95,40,95,500,499
"(Mega)_Sharpedo",319,11,17,406,0,173,0,0,70,140,70,110,65,105,501,0
"Wailmer",320,11,0,407,1,41,12,46,130,70,35,70,35,60,502,0
"Wailord",321,11,0,408,1,41,12,46,170,90,45,90,45,60,503,502
"(Female)_Numel",322,10,5,409,1,12,86,20,60,60,40,65,45,35,504,0
"(Male)_Numel",322,10,5,409,1,12,86,20,60,60,40,65,45,35,505,0
"(Female)_Camerupt",323,10,5,410,1,40,116,83,70,100,70,105,75,40,506,504
"(Male)_Camerupt",323,10,5,410,1,40,116,83,70,100,70,105,75,40,507,505
"(Mega)_Camerupt",323,10,5,411,0,125,0,0,70,120,100,145,105,20,508,0
"Torkoal",324,10,0,412,1,73,70,75,70,85,140,85,70,20,509,0
"Spoink",325,14,0,413,1,47,20,82,60,25,35,70,80,60,510,0
"Grumpig",326,14,0,414,1,47,20,82,80,45,65,90,110,80,511,510
"Spinda",327,1,0,415,1,20,77,126,60,60,60,60,60,60,512,0
"Trapinch",328,5,0,416,1,52,71,125,45,100,45,45,45,10,513,0
"Vibrava",329,5,16,417,1,26,0,0,50,70,50,50,50,70,514,513
"Flygon",330,5,16,418,1,26,0,0,80,100,80,80,80,100,515,514
"Cacnea",331,12,0,419,1,8,0,11,50,85,40,85,40,35,516,0
"(Female)_Cacturne",332,12,17,420,1,8,0,11,70,115,60,115,60,55,517,516
"(Male)_Cacturne",332,12,17,420,1,8,0,11,70,115,60,115,60,55,518,516
"Swablu",333,1,3,421,1,30,0,13,45,40,60,40,75,50,519,0
"Altaria",334,16,3,422,1,30,0,13,75,70,90,70,105,80,520,519
"(Mega)_Altaria",334,16,18,423,0,182,0,0,75,110,110,110,105,80,521,0
"Zangoose",335,1,0,424,1,17,0,137,73,115,60,60,60,90,522,0
"Seviper",336,4,0,425,1,61,0,151,73,100,60,100,60,65,523,0
"Lunatone",337,6,14,426,1,26,0,0,90,55,65,95,85,70,524,0
"Solrock",338,6,14,427,1,26,0,0,90,95,85,55,65,70,525,0
"Barboach",339,11,5,428,1,12,107,93,50,48,43,46,41,60,526,0
"Whiscash",340,11,5,429,1,12,107,93,110,78,73,76,71,60,527,526
"Corphish",341,11,0,430,1,52,75,91,43,80,65,50,35,35,528,0
"Crawdaunt",342,11,17,431,1,52,75,91,63,120,85,90,55,55,529,528
"Baltoy",343,5,14,432,1,26,0,0,40,40,55,40,70,55,530,0
"Claydol",344,5,14,433,1,26,0,0,60,70,105,70,120,75,531,530
"Lileep",345,6,12,434,1,21,0,114,66,41,77,61,87,23,532,0
"Cradily",346,6,12,435,1,21,0,114,86,81,97,81,107,43,533,532
"Anorith",347,6,7,436,1,4,0,33,45,95,50,40,50,75,534,0
"Armaldo",348,6,7,437,1,4,0,33,75,125,100,70,80,45,535,534
"Feebas",349,11,0,438,1,33,12,91,20,15,20,10,55,80,536,0
"(Female)_Milotic",350,11,0,439,1,63,172,56,95,60,79,100,125,81,537,536
"(Male)_Milotic",350,11,0,439,1,63,172,56,95,60,79,100,125,81,538,536
"Castform_(Normal Form)",351,1,0,440,1,59,0,0,70,70,70,70,70,70,539,0
"Castform_(Sunny Form)",351,10,0,441,0,59,0,0,70,70,70,70,70,70,540,0
"Castform_(Rainy Form)",351,11,0,442,0,59,0,0,70,70,70,70,70,70,541,0
"Castform_(Snowy Form)",351,15,0,443,0,59,0,0,70,70,70,70,70,70,542,0
"Kecleon",352,1,0,444,1,16,0,168,60,90,70,60,120,40,543,0
"Shuppet",353,8,0,445,1,15,119,130,44,75,35,63,33,45,544,0
"Banette",354,8,0,446,1,15,119,130,64,115,65,83,63,65,545,544
"(Mega)_Banette",354,8,0,447,0,158,0,0,64,165,75,93,83,75,546,0
"Duskull",355,8,0,448,1,26,0,119,20,40,90,30,90,25,547,0
"Dusclops",356,8,0,449,1,46,0,119,40,70,130,60,130,25,548,547
"Dusknoir",477,8,0,450,1,46,0,119,45,100,135,65,135,45,549,548
"Tropius",357,12,3,451,1,34,94,139,99,68,83,72,87,51,550,0
"Chingling",433,14,0,452,1,26,0,0,45,30,50,65,50,45,551,0
"Chimecho",358,14,0,453,1,26,0,0,75,50,80,95,90,65,552,551
"Absol",359,17,0,454,1,46,105,154,65,130,60,75,60,75,553,0
"(Mega)_Absol",359,17,0,455,0,156,0,0,65,150,60,115,60,115,554,0
"Snorunt",361,15,0,456,1,39,115,141,50,50,50,50,50,50,555,0
"Glalie",362,15,0,457,1,39,115,141,80,80,80,80,80,80,556,555
"(Mega)_Glalie",362,15,0,458,0,174,0,0,80,120,80,120,80,100,557,0
"Froslass",478,15,8,459,1,81,0,130,70,80,70,80,70,110,558,555
"Spheal",363,15,11,460,1,47,115,12,70,40,50,55,50,25,559,0
"Sealeo",364,15,11,461,1,47,115,12,90,60,70,75,70,45,560,559
"Walrein",365,15,11,462,1,47,115,12,110,80,90,95,90,65,561,560
"Clamperl",366,11,0,463,1,75,0,155,35,64,85,74,55,32,562,0
"Huntail",367,11,0,464,1,33,0,41,55,104,105,94,75,52,563,562
"Gorebyss",368,11,0,465,1,33,0,93,55,84,105,114,75,52,564,562
"(Female)_Relicanth",369,11,6,466,1,33,69,5,100,90,130,45,65,55,565,0
"(Male)_Relicanth",369,11,6,466,1,33,69,5,100,90,130,45,65,55,566,0
"Luvdisc",370,11,0,467,1,33,0,93,43,30,55,40,65,97,567,0
"Bagon",371,16,0,468,1,69,0,125,45,75,60,40,30,50,568,0
"Shelgon",372,16,0,469,1,69,0,142,65,95,100,60,50,50,569,568
"Salamence",373,16,3,470,1,22,0,153,95,135,80,110,80,100,570,569
"(Mega)_Salamence",373,16,3,471,0,184,0,0,95,145,130,120,90,120,571,0
"Beldum",374,9,14,472,1,29,0,135,40,55,80,35,60,30,572,0
"Metang",375,9,14,473,1,29,0,135,60,75,100,55,80,50,573,572
"Metagross",376,9,14,474,1,29,0,135,80,135,130,95,90,70,574,573
"(Mega)_Metagross",376,9,14,475,0,181,0,0,80,145,150,105,110,110,575,0
"Regirock",377,6,0,476,1,29,0,5,80,100,200,50,100,50,576,0
"Regice",378,15,0,477,1,29,0,115,80,50,100,100,200,50,577,0
"Registeel",379,9,0,478,1,29,0,135,80,75,150,75,150,50,578,0
"Latias",380,16,14,479,1,26,0,0,80,80,90,110,130,110,579,0
"(Mega)_Latias",380,16,14,480,0,26,0,0,80,100,120,140,150,110,580,0
"Latios",381,16,14,481,1,26,0,0,80,90,80,130,110,110,581,0
"(Mega)_Latios",381,16,14,482,0,26,0,0,80,130,100,160,120,110,582,0
"Kyogre",382,11,0,483,1,2,0,0,100,100,90,150,140,90,583,0
"(Primal)_Kyogre",382,11,0,484,0,189,0,0,100,150,90,180,160,90,584,0
"Groudon",383,5,0,485,1,70,0,0,100,150,140,100,90,90,585,0
"(Primal)_Groudon",383,5,10,486,0,190,0,0,100,180,160,150,90,90,586,0
"Rayquaza",384,16,3,487,1,76,0,0,105,150,90,150,90,95,587,0
"(Mega)_Rayquaza",384,16,3,488,0,191,0,0,105,180,100,180,100,115,588,0
"Jirachi",385,9,14,489,1,32,0,0,100,100,100,100,100,100,589,0
"Deoxys_(Normal Forme)",386,14,0,490,1,46,0,0,50,150,50,150,50,150,590,0
"Deoxys_(Attack Forme)",386,14,0,491,0,46,0,0,50,180,20,180,20,150,591,0
"Deoxys_(Defense Forme)",386,14,0,492,0,46,0,0,50,70,160,70,160,90,592,0
"Deoxys_(Speed Forme)",386,14,0,493,0,46,0,0,50,95,90,95,90,180,593,0
"Turtwig",387,12,0,494,1,65,0,75,55,68,64,45,55,31,594,0
"Grotle",388,12,0,495,1,65,0,75,75,89,85,55,65,36,595,594
"Torterra",389,12,5,496,1,65,0,75,95,109,105,75,85,56,596,595
"Chimchar",390,10,0,497,1,66,0,89,44,58,44,58,44,61,597,0
"Monferno",391,10,2,498,1,66,0,89,64,78,52,78,52,81,598,597
"Infernape",392,10,2,499,1,66,0,89,76,104,71,104,71,108,599,598
"Piplup",393,11,0,500,1,67,0,128,53,51,53,61,56,40,600,0
"Prinplup",394,11,0,501,1,67,0,128,64,66,68,81,76,50,601,600
"Empoleon",395,11,9,502,1,67,0,128,84,86,88,111,101,60,602,601
"(Female)_Starly",396,1,3,503,1,51,0,120,40,55,30,30,30,60,603,0
"(Male)_Starly",396,1,3,503,1,51,0,120,40,55,30,30,30,60,604,0
"(Female)_Staravia",397,1,3,504,1,22,0,120,55,75,50,40,40,80,605,603
"(Male)_Staravia",397,1,3,504,1,22,0,120,55,75,50,40,40,80,606,604
"(Female)_Staraptor",398,1,3,505,1,22,0,120,85,120,70,50,60,100,607,605
"(Male)_Staraptor",398,1,3,505,1,22,0,120,85,120,70,50,60,100,608,606
"(Female)_Bidoof",399,1,0,506,1,86,109,141,59,45,40,35,40,31,609,0
"(Male)_Bidoof",399,1,0,506,1,86,109,141,59,45,40,35,40,31,610,0
"(Female)_Bibarel",400,1,11,507,1,86,109,141,79,85,60,55,60,71,611,609
"(Male)_Bibarel",400,1,11,507,1,86,109,141,79,85,60,55,60,71,612,610
"(Female)_Kricketot",401,7,0,508,1,61,0,50,37,25,41,25,41,25,613,0
"(Male)_Kricketot",401,7,0,508,1,61,0,50,37,25,41,25,41,25,614,0
"(Female)_Kricketune",402,7,0,509,1,68,0,101,77,85,51,55,51,65,615,613
"(Male)_Kricketune",402,7,0,509,1,68,0,101,77,85,51,55,51,65,616,614
"(Female)_Shinx",403,13,0,510,1,79,22,62,45,65,34,40,34,45,617,0
"(Male)_Shinx",403,13,0,510,1,79,22,62,45,65,34,40,34,45,618,0
"(Female)_Luxio",404,13,0,511,1,79,22,62,60,85,49,60,49,60,619,617
"(Male)_Luxio",404,13,0,511,1,79,22,62,60,85,49,60,49,60,620,618
"(Female)_Luxray",405,13,0,512,1,79,22,62,80,120,79,95,79,70,621,619
"(Male)_Luxray",405,13,0,512,1,79,22,62,80,120,79,95,79,70,622,620
"Cranidos",408,6,0,513,1,104,0,125,67,125,40,30,30,58,623,0
"Rampardos",409,6,0,514,1,104,0,125,97,165,60,65,50,58,624,623
"Shieldon",410,6,9,515,1,5,0,43,30,42,118,42,88,30,625,0
"Bastiodon",411,6,9,516,1,5,0,43,60,52,168,47,138,30,626,625
"Burmy_(Plant Cloak)",412,7,0,517,1,61,0,142,40,29,45,29,45,36,627,0
"Burmy_(Sandy Cloak)",412,7,0,517,1,61,0,142,40,29,45,29,45,36,628,0
"Burmy_(Trash Cloak)",412,7,0,517,1,61,0,142,40,29,45,29,45,36,629,0
"Wormadam_(Plant Cloak)",413,7,12,518,1,107,0,142,60,59,85,79,105,36,630,627
"Wormadam_(Sandy Cloak)",413,7,5,519,1,107,0,142,60,79,105,59,85,36,631,628
"Wormadam_(Trash Cloak)",413,7,9,520,1,107,0,142,60,69,95,69,95,36,632,629
"Mothim",414,7,3,521,1,68,0,110,70,94,50,94,50,66,633,627
"(Female)_Combee",415,7,3,522,1,118,0,55,30,30,42,30,42,70,634,0
"(Male)_Combee",415,7,3,522,1,118,0,55,30,30,42,30,42,70,635,0
"Vespiquen",416,7,3,523,1,46,0,127,70,80,102,80,102,40,636,634
"(Female)_Pachirisu",417,13,0,524,1,50,53,10,60,45,70,45,90,95,637,0
"(Male)_Pachirisu",417,13,0,524,1,50,53,10,60,45,70,45,90,95,638,0
"(Female)_Buizel",418,11,0,525,1,33,0,41,55,65,35,60,30,85,639,0
"(Male)_Buizel",418,11,0,525,1,33,0,41,55,65,35,60,30,85,640,0
"(Female)_Floatzel",419,11,0,526,1,33,0,41,85,105,55,85,50,115,641,639
"(Male)_Floatzel",419,11,0,526,1,33,0,41,85,105,55,85,50,115,642,640
"Cherubi",420,12,0,527,1,34,0,0,45,35,45,62,53,35,643,0
"Cherrim_(Overcast Form)",421,12,0,528,1,122,0,0,70,60,70,87,78,85,644,643
"Cherrim_(Susnhine Form)",421,12,0,528,0,122,0,0,70,60,70,87,78,85,645,0
"Shellos_(West Sea)",422,11,0,529,1,60,114,159,76,48,48,57,62,34,646,0
"Shellos_(East Sea)",422,11,0,529,1,60,114,159,76,48,48,57,62,34,647,0
"Gastrodon_(West Sea)",423,11,5,530,1,60,114,159,111,83,68,92,82,39,648,646
"Gastrodon_(East Sea)",423,11,5,530,1,60,114,159,111,83,68,92,82,39,649,647
"Drifloon",425,8,3,531,1,106,84,138,90,50,34,60,44,70,650,0
"Drifblim",426,8,3,532,1,106,84,138,150,80,44,90,54,80,651,650
"Buneary",427,1,0,533,1,50,103,7,55,66,44,44,56,85,652,0
"Lopunny",428,1,0,534,1,56,103,7,65,76,84,54,96,105,653,652
"(Mega)_Lopunny",428,1,2,535,0,113,0,0,65,136,94,54,96,135,654,0
"Glameow",431,1,0,536,1,7,20,51,49,55,42,42,37,85,655,0
"Purugly",432,1,0,537,1,47,20,128,71,82,64,64,59,112,656,655
"Stunky",434,4,17,538,1,1,106,51,63,63,47,41,41,74,657,0
"Skuntank",435,4,17,539,1,1,106,51,103,93,67,71,61,84,658,657
"Bronzor",436,9,14,540,1,26,85,134,57,24,86,24,86,23,659,0
"Bronzong",437,9,14,541,1,26,85,134,67,89,116,79,116,33,660,659
"Chatot",441,1,3,542,1,51,77,145,76,65,45,92,42,91,661,0
"Spiritomb",442,8,17,543,1,46,0,151,50,92,108,92,108,35,662,0
"(Female)_Gible",443,16,5,544,1,8,0,24,58,70,45,40,45,42,663,0
"(Male)_Gible",443,16,5,544,1,8,0,24,58,70,45,40,45,42,664,0
"(Female)_Gabite",444,16,5,545,1,8,0,24,68,90,65,50,55,82,665,663
"(Male)_Gabite",444,16,5,545,1,8,0,24,68,90,65,50,55,82,666,664
"(Female)_Garchomp",445,16,5,546,1,8,0,24,108,130,95,80,85,102,667,665
"(Male)_Garchomp",445,16,5,546,1,8,0,24,108,130,95,80,85,102,668,666
"(Mega)_Garchomp",445,16,5,547,0,159,0,0,108,170,115,120,95,92,669,0
"Riolu",447,2,0,548,1,80,39,158,40,70,40,35,40,60,670,0
"Lucario",448,2,9,549,1,80,39,154,70,110,70,115,70,90,671,670
"(Mega)_Lucario",448,2,9,550,0,91,0,0,70,145,88,140,70,112,672,0
"(Female)_Hippopotas",449,5,0,551,1,45,0,159,68,72,78,38,42,32,673,0
"(Male)_Hippopotas",449,5,0,551,1,45,0,159,68,72,78,38,42,32,674,0
"(Female)_Hippowdon",450,5,0,552,1,45,0,159,108,112,118,68,72,47,675,673
"(Male)_Hippowdon",450,5,0,552,1,45,0,159,108,112,118,68,72,47,676,674
"Skorupi",451,4,7,553,1,4,97,51,40,50,90,30,55,65,677,0
"Drapion",452,4,17,554,1,4,97,51,70,90,110,60,75,95,678,677
"(Female)_Croagunk",453,4,2,555,1,107,87,143,48,61,40,61,40,50,679,0
"(Male)_Croagunk",453,4,2,555,1,107,87,143,48,61,40,61,40,50,680,0
"(Female)_Toxicroak",454,4,2,556,1,107,87,143,83,106,65,86,65,85,681,679
"(Male)_Toxicroak",454,4,2,556,1,107,87,143,83,106,65,86,65,85,682,680
"Carnivine",455,12,0,557,1,26,0,0,74,100,72,90,72,46,683,0
"(Female)_Finneon",456,11,0,558,1,33,114,41,49,49,56,49,61,66,684,0
"(Male)_Finneon",456,11,0,558,1,33,114,41,49,49,56,49,61,66,685,0
"(Female)_Lumineon",457,11,0,559,1,33,114,41,69,69,76,69,86,91,686,684
"(Male)_Lumineon",457,11,0,559,1,33,114,41,69,69,76,69,86,91,687,685
"(Female)_Snover",459,12,15,560,1,117,0,43,60,62,50,62,60,40,688,0
"(Male)_Snover",459,12,15,560,1,117,0,43,60,62,50,62,60,40,689,0
"(Female)_Abomasnow",460,12,15,561,1,117,0,43,90,92,75,92,85,60,690,688
"(Male)_Abomasnow",460,12,15,561,1,117,0,43,90,92,75,92,85,60,691,689
"(Mega)_Abomasnow",460,12,15,562,0,117,0,0,90,132,105,132,105,30,692,0
"Rotom",479,13,8,563,1,26,0,0,50,50,77,95,77,91,693,0
"(Heat)_Rotom",479,13,10,564,0,26,0,0,50,65,107,105,107,86,694,0
"(Wash)_Rotom",479,13,11,565,0,26,0,0,50,65,107,105,107,86,695,0
"(Frost)_Rotom",479,13,15,566,0,26,0,0,50,65,107,105,107,86,696,0
"(Fan)_Rotom",479,13,3,567,0,26,0,0,50,65,107,105,107,86,697,0
"(Mow)_Rotom",479,13,12,568,0,26,0,0,50,65,107,105,107,86,698,0
"Uxie",480,14,0,569,1,26,0,0,75,75,130,75,130,95,699,0
"Mesprit",481,14,0,570,1,26,0,0,80,105,105,105,105,80,700,0
"Azelf",482,14,0,571,1,26,0,0,75,125,70,125,70,115,701,0
"Dialga",483,9,16,572,1,46,0,140,100,120,120,150,100,90,702,0
"Palkia",484,11,16,573,1,46,0,140,90,120,100,150,120,100,703,0
"Heatran",485,10,9,574,1,18,0,49,91,90,106,130,106,77,704,0
"Regigigas",486,1,0,575,1,112,0,0,110,160,110,80,110,100,705,0
"Giratina_(Altered Forme)",487,8,16,576,1,46,0,140,150,100,120,100,120,90,706,0
"Giratina_(Origin Forme)",487,8,16,577,0,26,0,0,150,120,100,120,100,90,707,0
"Cresselia",488,14,0,578,1,26,0,0,120,70,120,75,130,85,708,0
"Phione",489,11,0,579,1,93,0,0,80,80,80,80,80,80,709,0
"Manaphy",490,11,0,580,1,93,0,0,100,100,100,100,100,100,710,0
"Darkrai",491,17,0,581,1,123,0,0,70,90,90,135,90,125,711,0
"Shaymin_(Land Forme)",492,12,0,582,1,30,0,0,100,100,100,100,100,100,712,0
"Shaymin_(Sky Forme)",492,12,3,583,0,32,0,0,100,103,75,120,75,127,713,0
"Arceus_(Normal)",493,1,0,584,1,121,0,0,120,120,120,120,120,120,714,0
"Arceus_(Fighting)",493,2,0,584,0,121,0,0,120,120,120,120,120,120,715,0
"Arceus_(Flying)",493,3,0,584,0,121,0,0,120,120,120,120,120,120,716,0
"Arceus_(Poison)",493,4,0,584,0,121,0,0,120,120,120,120,120,120,717,0
"Arceus_(Ground)",493,5,0,584,0,121,0,0,120,120,120,120,120,120,718,0
"Arceus_(Rock)",493,6,0,584,0,121,0,0,120,120,120,120,120,120,719,0
"Arceus_(Bug)",493,7,0,584,0,121,0,0,120,120,120,120,120,120,720,0
"Arceus_(Ghost)",493,8,0,584,0,121,0,0,120,120,120,120,120,120,721,0
"Arceus_(Steel)",493,9,0,584,0,121,0,0,120,120,120,120,120,120,722,0
"Arceus_(Fire)",493,10,0,584,0,121,0,0,120,120,120,120,120,120,723,0
"Arceus_(Water)",493,11,0,584,0,121,0,0,120,120,120,120,120,120,724,0
"Arceus_(Grass)",493,12,0,584,0,121,0,0,120,120,120,120,120,120,725,0
"Arceus_(Electric)",493,13,0,584,0,121,0,0,120,120,120,120,120,120,726,0
"Arceus_(Psychic)",493,14,0,584,0,121,0,0,120,120,120,120,120,120,727,0
"Arceus_(Ice)",493,15,0,584,0,121,0,0,120,120,120,120,120,120,728,0
"Arceus_(Dragon)",493,16,0,584,0,121,0,0,120,120,120,120,120,120,729,0
"Arceus_(Dark)",493,17,0,584,0,121,0,0,120,120,120,120,120,120,730,0
"Arceus_(Fairy)",493,18,0,584,0,121,0,0,120,120,120,120,120,120,731,0
"Victini",494,14,10,585,1,162,0,0,100,100,100,100,100,100,732,0
"Snivy",495,12,0,586,1,65,0,126,45,45,55,45,55,63,733,0
"Servine",496,12,0,587,1,65,0,126,60,60,75,60,75,83,734,733
"Serperior",497,12,0,588,1,65,0,126,75,75,95,75,95,113,735,734
"Tepig",498,10,0,589,1,66,0,47,65,63,45,45,45,45,736,0
"Pignite",499,10,2,590,1,66,0,47,90,93,55,70,55,55,737,736
"Emboar",500,10,2,591,1,66,0,120,110,123,65,100,65,65,738,737
"Oshawott",501,11,0,592,1,67,0,75,55,55,45,63,45,45,739,0
"Dewott",502,11,0,593,1,67,0,75,75,75,60,83,60,60,740,739
"Samurott",503,11,0,594,1,67,0,75,95,100,85,108,70,70,741,740
"Patrat",504,1,0,595,1,50,51,148,45,55,39,35,39,42,742,0
"Watchog",505,1,0,596,1,35,51,148,60,85,69,60,69,77,743,742
"Lillipup",506,1,0,597,1,72,53,50,45,60,45,25,45,55,744,0
"Herdier",507,1,0,598,1,22,146,113,65,80,65,35,65,60,745,744
"Stoutland",508,1,0,599,1,22,146,113,85,110,90,45,90,80,746,745
"Purrloin",509,17,0,600,1,7,84,158,41,50,37,50,37,66,747,0
"Liepard",510,17,0,601,1,7,84,158,64,88,50,88,50,106,748,747
"Pansage",511,12,0,602,1,82,0,65,50,53,48,53,48,64,749,0
"Simisage",512,12,0,603,1,82,0,65,75,98,63,98,63,101,750,749
"Pansear",513,10,0,604,1,82,0,66,50,53,48,53,48,64,751,0
"Simisear",514,10,0,605,1,82,0,66,75,98,63,98,63,101,752,751
"Panpour",515,11,0,606,1,82,0,67,50,53,48,53,48,64,753,0
"Simipour",516,11,0,607,1,82,0,67,75,98,63,98,63,101,754,753
"Munna",517,14,0,608,1,108,28,140,76,25,45,67,55,24,755,0
"Musharna",518,14,0,609,1,108,28,140,116,55,85,107,95,29,756,755
"Pidove",519,1,3,610,1,145,105,79,50,55,50,36,30,43,757,0
"Tranquill",520,1,3,611,1,145,105,79,62,77,62,50,42,65,758,757
"(Female)_Unfezant",521,1,3,612,1,145,105,79,80,115,80,65,55,93,759,758
"(Male)_Unfezant",521,1,3,612,1,145,105,79,80,115,80,65,55,93,760,758
"Blitzle",522,13,0,613,1,31,78,157,45,60,32,50,32,76,761,0
"Zebstrika",523,13,0,614,1,31,78,157,75,100,63,80,63,116,762,761
"Roggenrola",524,6,0,615,1,5,133,159,55,75,85,25,25,15,763,0
"Boldore",525,6,0,616,1,5,133,159,70,105,105,50,40,20,764,763
"Gigalith",526,6,0,617,1,5,45,159,85,135,130,60,80,25,765,764
"Woobat",527,14,3,618,1,109,103,86,65,45,43,55,43,72,766,0
"Swoobat",528,14,3,619,1,109,103,86,67,57,55,77,55,114,767,766
"Drilbur",529,5,0,620,1,146,159,104,60,85,40,30,45,68,768,0
"Excadrill",530,5,9,621,1,146,159,104,110,135,60,50,65,88,769,768
"Audino",531,1,0,622,1,131,144,103,103,60,86,60,86,50,770,0
"(Mega)_Audino",531,1,18,623,0,131,0,0,103,60,126,80,126,50,771,0
"Timburr",532,2,0,624,1,62,125,89,75,80,55,25,35,35,772,0
"Gurdurr",533,2,0,625,1,62,125,89,85,105,85,40,50,40,773,772
"Conkeldurr",534,2,0,626,1,62,125,89,105,140,95,55,65,45,774,773
"Tympole",535,11,0,627,1,33,93,11,50,50,40,50,40,64,775,0
"Palpitoad",536,11,5,628,1,33,93,11,75,65,55,65,55,69,776,775
"Seismitoad",537,11,5,629,1,33,143,11,105,95,75,85,75,74,777,776
"Throh",538,2,0,630,1,62,39,104,120,100,85,30,85,45,778,0
"Sawk",539,2,0,631,1,5,39,104,75,125,75,30,75,85,779,0
"Sewaddle",540,7,12,632,1,68,34,142,45,53,70,40,60,42,780,0
"Swadloon",541,7,12,633,1,102,34,142,55,63,90,50,80,42,781,780
"Leavanny",542,7,12,634,1,68,34,142,75,103,80,70,80,92,782,781
"Venipede",543,7,4,635,1,38,68,3,30,45,59,30,39,57,783,0
"Whirlipede",544,7,4,636,1,38,68,3,40,55,99,40,79,47,784,783
"Scolipede",545,7,4,637,1,38,68,3,60,100,89,55,69,112,785,784
"Cottonee",546,12,18,638,1,158,151,34,40,27,60,37,50,66,786,0
"Whimsicott",547,12,18,639,1,158,151,34,60,67,85,77,75,116,787,786
"Petilil",548,12,0,640,1,34,20,102,45,35,50,70,50,30,788,0
"Lilligant",549,12,0,641,1,34,20,102,70,60,75,110,75,90,789,788
"Basculin_(Red-Striped Form)",550,11,0,642,1,120,91,104,70,92,65,80,55,98,790,0
"Basculin_(Blue-Striped Form)",550,11,0,643,1,69,91,104,70,92,65,80,55,98,791,0
"Sandile",551,5,17,644,1,22,153,83,50,72,35,35,35,65,792,0
"Krokorok",552,5,17,645,1,22,153,83,60,82,45,45,45,74,793,792
"Krookodile",553,5,17,646,1,22,153,83,95,117,80,65,70,92,794,793
"Darumaka",554,10,0,647,1,55,0,39,70,90,45,15,45,50,795,0
"Darmanitan_(Standard Mode)",555,10,0,648,1,125,0,161,105,140,55,30,55,95,796,795
"Darmanitan_(Zen Mode)",555,10,14,649,0,125,0,161,105,30,105,140,105,55,797,0
"Maractus",556,12,0,650,1,11,34,114,75,86,67,106,67,60,798,0
"Dwebble",557,7,6,651,1,5,75,133,50,65,85,35,35,55,799,0
"Crustle",558,7,6,652,1,5,75,133,70,105,125,65,75,45,800,799
"Scraggy",559,17,2,653,1,61,153,22,50,75,70,35,70,48,801,0
"Scrafty",560,17,2,654,1,61,153,22,65,90,115,45,115,58,802,801
"Sigilyph",561,14,3,655,1,147,98,110,72,58,80,103,80,97,803,0
"Yamask",562,8,0,656,1,152,0,0,38,30,85,55,65,30,804,0
"Cofagrigus",563,8,0,657,1,152,0,0,58,50,145,95,105,30,805,804
"Tirtouga",564,11,6,658,1,116,5,33,54,78,103,53,45,22,806,0
"Carracosta",565,11,6,659,1,116,5,33,74,108,133,83,65,32,807,806
"Archen",566,6,3,660,1,129,0,0,55,112,45,74,45,70,808,0
"Archeops",567,6,3,661,1,129,0,0,75,140,65,112,65,110,809,808
"Trubbish",568,4,0,662,1,1,60,106,50,50,62,40,62,65,810,0
"Garbodor",569,4,0,663,1,1,133,106,80,95,82,60,82,75,811,810
"Zorua",570,17,0,664,1,149,0,0,40,65,40,80,40,65,812,0
"Zoroark",571,17,0,665,1,149,0,0,60,105,60,120,60,105,813,812
"Minccino",572,1,0,666,1,56,101,92,55,50,40,40,40,75,814,0
"Cinccino",573,1,0,667,1,56,101,92,75,95,60,65,60,115,815,814
"Gothita",574,14,0,668,1,119,172,23,45,30,50,55,65,45,816,0
"Gothorita",575,14,0,669,1,119,172,23,60,45,70,75,85,55,817,816
"Gothitelle",576,14,0,670,1,119,172,23,70,55,95,95,110,65,818,817
"Solosis",577,14,0,671,1,142,98,144,45,30,40,105,50,20,819,0
"Duosion",578,14,0,672,1,142,98,144,65,40,50,125,60,30,820,819
"Reuniclus",579,14,0,673,1,142,98,144,110,65,75,125,85,30,821,820
"Ducklett",580,11,3,674,1,51,145,93,62,44,50,44,50,55,822,0
"Swanna",581,11,3,675,1,51,145,93,75,87,63,87,63,98,823,822
"Vanillite",582,15,0,676,1,115,81,133,36,50,50,65,60,44,824,0
"Vanillish",583,15,0,677,1,115,81,133,51,65,65,80,75,59,825,824
"Vanilluxe",584,15,0,678,1,115,117,133,71,95,85,110,95,79,826,825
"Deerling_(Spring Form)",585,1,12,679,1,34,157,32,60,60,50,40,50,75,827,0
"Deerling_(Summer Form)",585,1,12,679,1,34,157,32,60,60,50,40,50,75,828,0
"Deerling_(Autumn Form)",585,1,12,679,1,34,157,32,60,60,50,40,50,75,829,0
"Deerling_(Winter Form)",585,1,12,679,1,34,157,32,60,60,50,40,50,75,830,0
"Sawsbuck_(Spring Form)",586,1,12,680,1,34,157,32,80,100,70,60,70,95,831,827
"Sawsbuck_(Summer Form)",586,1,12,680,1,34,157,32,80,100,70,60,70,95,832,828
"Sawsbuck_(Autumn Form)",586,1,12,680,1,34,157,32,80,100,70,60,70,95,833,829
"Sawsbuck_(Winter Form)",586,1,12,680,1,34,157,32,80,100,70,60,70,95,834,830
"Emolga",587,13,3,681,1,9,0,78,55,75,60,75,60,103,835,0
"Karrablast",588,7,0,682,1,68,61,99,50,75,45,40,45,60,836,0
"Escavalier",589,7,9,683,1,68,75,142,70,135,105,60,105,20,837,836
"Foongus",590,12,4,684,1,27,0,144,69,55,45,55,55,15,838,0
"Amoonguss",591,12,4,685,1,27,0,144,114,85,70,85,80,30,839,838
"(Female)_Frillish",592,11,8,686,1,11,130,6,55,40,50,65,85,40,840,0
"(Male)_Frillish",592,11,8,686,1,11,130,6,55,40,50,65,85,40,841,0
"(Female)_Jellicent",593,11,8,687,1,11,130,6,100,60,70,85,105,60,842,840
"(Male)_Jellicent",593,11,8,687,1,11,130,6,100,60,70,85,105,60,843,841
"Alomomola",594,11,0,688,1,131,93,144,165,75,80,40,45,65,844,0
"Joltik",595,7,13,689,1,14,127,68,50,47,50,57,50,65,845,0
"Galvantula",596,7,13,690,1,14,127,68,70,77,60,97,60,108,846,845
"Ferroseed",597,12,9,691,1,160,0,0,44,50,91,24,86,10,847,0
"Ferrothorn",598,12,9,692,1,160,0,107,74,94,131,54,116,20,848,847
"Klink",599,9,0,693,1,57,58,29,40,55,70,45,60,30,849,0
"Klang",600,9,0,694,1,57,58,29,60,80,95,70,85,50,850,849
"Klinklang",601,9,0,695,1,57,58,29,60,100,115,70,85,90,851,850
"Tynamo",602,13,0,696,1,26,0,0,35,55,40,45,40,60,852,0
"Eelektrik",603,13,0,697,1,26,0,0,65,85,70,75,70,40,853,852
"Eelektross",604,13,0,698,1,26,0,0,85,115,80,105,80,50,854,853
"Elgyem",605,14,0,699,1,140,28,148,55,55,55,85,55,30,855,0
"Beheeyem",606,14,0,700,1,140,28,148,75,75,75,125,95,40,856,855
"Litwick",607,8,10,701,1,18,49,151,50,30,55,65,55,20,857,0
"Lampent",608,8,10,702,1,18,49,151,60,40,60,95,60,55,858,857
"Chandelure",609,8,10,703,1,18,49,151,60,55,90,145,90,80,859,858
"Axew",610,16,0,704,1,79,104,127,46,87,60,30,40,57,860,0
"Fraxure",611,16,0,705,1,79,104,127,66,117,70,40,50,67,861,860
"Haxorus",612,16,0,706,1,79,104,127,76,147,90,60,70,97,862,861
"Cubchoo",613,15,0,707,1,81,202,155,55,70,40,60,40,40,863,0
"Beartic",614,15,0,708,1,81,202,33,95,130,80,70,80,50,864,863
"Cryogonal",615,15,0,709,1,26,0,0,80,50,50,95,135,105,865,0
"Shelmet",616,7,0,710,1,93,75,142,50,40,85,40,65,25,866,0
"Accelgor",617,7,0,711,1,93,60,84,80,70,40,100,60,145,867,866
"Stunfisk",618,5,13,712,1,9,7,8,109,66,84,81,99,32,868,0
"Mienfoo",619,2,0,713,1,39,144,120,45,85,50,55,50,65,869,0
"Mienshao",620,2,0,714,1,39,144,120,65,125,60,95,60,105,870,869
"Druddigon",621,16,0,715,1,24,125,104,77,120,90,60,90,48,871,0
"Golett",622,5,8,716,1,89,103,99,59,74,50,35,50,35,872,0
"Golurk",623,5,8,717,1,89,103,99,89,124,80,55,80,55,873,872
"Pawniard",624,17,9,718,1,128,39,46,45,85,70,40,40,60,874,0
"Bisharp",625,17,9,719,1,128,39,46,65,125,100,60,70,70,875,874
"Bouffalant",626,1,0,720,1,120,157,43,95,110,95,40,95,55,876,0
"Rufflet",627,1,3,721,1,51,125,55,70,83,50,37,50,60,877,0
"Braviary",628,1,3,722,1,51,125,128,100,123,75,57,75,80,878,877
"Vullaby",629,17,3,723,1,145,142,133,70,55,75,45,65,60,879,0
"Mandibuzz",630,17,3,724,1,145,142,133,110,65,105,55,95,80,880,879
"Heatmor",631,10,0,725,1,82,18,73,85,97,66,105,66,65,881,0
"Durant",632,7,9,726,1,68,55,54,58,109,112,48,48,109,882,0
"Deino",633,17,16,727,1,55,0,0,52,65,50,45,50,38,883,0
"Zweilous",634,17,16,728,1,55,0,0,72,85,70,65,70,58,884,883
"Hydreigon",635,17,16,729,1,26,0,0,92,105,90,125,90,98,885,884
"Larvesta",636,7,10,730,1,49,0,68,55,85,55,50,55,60,886,0
"Volcarona",637,7,10,731,1,49,0,68,85,60,65,135,105,100,887,886
"Cobalion",638,9,2,732,1,154,0,0,91,90,129,90,72,108,888,0
"Terrakion",639,6,2,733,1,154,0,0,91,129,90,72,90,108,889,0
"Virizion",640,12,2,734,1,154,0,0,91,90,72,90,129,108,890,0
"Tornadus_(Incarnate Forme)",641,3,0,735,1,158,0,128,79,115,70,125,80,111,891,0
"Tornadus_(Therian Forme)",641,3,0,736,0,144,0,0,79,100,80,110,90,121,892,0
"Thundurus_(Incarnate Forme)",642,13,3,737,1,158,0,128,79,115,70,125,80,111,893,0
"Thundurus_(Therian Forme)",642,13,3,738,0,10,0,0,79,105,70,145,80,101,894,0
"Reshiram",643,16,10,739,1,163,0,0,100,120,100,150,120,90,895,0
"Zekrom",644,16,13,740,1,164,0,0,100,150,120,120,100,90,896,0
"Landorus_(Incarnate Forme)",645,5,3,741,1,159,0,125,89,125,90,115,80,101,897,0
"Landorus_(Therian Forme)",645,5,3,742,0,22,0,0,89,145,90,105,80,91,898,0
"Kyurem",646,16,15,743,1,46,0,0,125,130,90,130,90,95,899,0
"(White)_Kyurem",646,16,15,744,0,163,0,0,125,120,90,170,100,95,900,0
"(Black)_Kyurem",646,16,15,745,0,164,0,0,125,170,100,120,90,95,901,0
"Keldeo_(Ordinary Form)",647,11,2,746,1,154,0,0,91,72,90,129,90,108,902,0
"Keldeo_(Resolute Form)",647,11,2,747,0,154,0,0,91,72,90,129,90,108,903,0
"Meloetta_(Aria Forme)",648,1,14,748,1,32,0,0,100,77,77,128,128,90,904,0
"Meloetta_(Pirouette Forme)",648,1,2,749,1,32,0,0,100,128,90,77,77,128,905,0
"(Normal)_Genesect",649,7,9,750,1,88,0,0,71,120,95,120,95,99,906,0
"(Burn Drive)_Genesect",649,7,9,750,0,88,0,0,71,120,95,120,95,99,907,0
"(Chill Drive)_Genesect",649,7,9,750,0,88,0,0,71,120,95,120,95,99,908,0
"(Douse Drive)_Genesect",649,7,9,750,0,88,0,0,71,120,95,120,95,99,909,0
"(Shock Drive)_Genesect",649,7,9,750,0,88,0,0,71,120,95,120,95,99,910,0
"Chespin",650,12,0,751,1,65,0,171,56,61,65,48,45,38,911,0
"Quilladin",651,12,0,752,1,65,0,171,61,78,95,56,58,57,912,911
"Chesnaught",652,12,2,753,1,65,0,171,88,107,122,74,75,64,913,912
"Fennekin",653,10,0,754,1,66,0,170,40,45,40,62,60,60,914,0
"Braixen",654,10,0,755,1,66,0,170,59,59,58,90,70,73,915,914
"Delphox",655,10,14,756,1,66,0,170,75,69,72,114,100,104,916,915
"Froakie",656,11,0,757,1,67,0,168,41,56,40,62,44,71,917,0
"Frogadier",657,11,0,758,1,67,0,168,54,63,52,83,56,97,918,917
"Greninja",658,11,17,759,1,67,0,168,72,95,67,103,71,122,919,918
"(Ash-)_Greninja",658,11,17,761,0,210,0,0,72,145,67,153,71,132,920,0
"Bunnelby",659,1,0,762,1,53,167,37,38,36,38,32,36,57,921,0
"Diggersby",660,1,5,763,1,53,167,37,85,56,77,50,77,78,922,921
"Fletchling",661,1,3,764,1,145,0,177,45,50,43,40,38,62,923,0
"Fletchinder",662,10,3,765,1,49,0,177,62,73,55,56,52,84,924,923
"Talonflame",663,10,3,766,1,49,0,177,78,81,71,74,69,126,925,924
"Scatterbug",664,7,0,767,1,19,14,132,38,35,40,27,25,35,926,0
"Spewpa",665,7,0,768,1,61,0,132,45,22,60,27,30,29,927,926
"(Archipelago Pattern)_Vivillon",666,7,3,769,1,19,14,132,80,52,50,90,50,89,928,927
"(Continental Pattern)_Vivillon",666,7,3,769,1,19,14,132,80,52,50,90,50,89,929,927
"(Elegant Pattern)_Vivillon",666,7,3,769,1,19,14,132,80,52,50,90,50,89,930,927
"(Fancy Pattern)_Vivillon",666,7,3,769,1,19,14,132,80,52,50,90,50,89,931,927
"(Garden Pattern)_Vivillon",666,7,3,769,1,19,14,132,80,52,50,90,50,89,932,927
"(High Plains Pattern)_Vivillon",666,7,3,769,1,19,14,132,80,52,50,90,50,89,933,927
"(Icy Snow Pattern)_Vivillon",666,7,3,769,1,19,14,132,80,52,50,90,50,89,934,927
"(Jungle Pattern)_Vivillon",666,7,3,769,1,19,14,132,80,52,50,90,50,89,935,927
"(Marine Pattern)_Vivillon",666,7,3,769,1,19,14,132,80,52,50,90,50,89,936,927
"(Meadow Pattern)_Vivillon",666,7,3,769,1,19,14,132,80,52,50,90,50,89,937,927
"(Modern Pattern)_Vivillon",666,7,3,769,1,19,14,132,80,52,50,90,50,89,938,927
"(Monsoon Pattern)_Vivillon",666,7,3,769,1,19,14,132,80,52,50,90,50,89,939,927
"(Ocean Pattern)_Vivillon",666,7,3,769,1,19,14,132,80,52,50,90,50,89,940,927
"(Poké Ball Pattern)_Vivillon",666,7,3,769,1,19,14,132,80,52,50,90,50,89,941,927
"(Polar Pattern)_Vivillon",666,7,3,769,1,19,14,132,80,52,50,90,50,89,942,927
"(River Pattern)_Vivillon",666,7,3,769,1,19,14,132,80,52,50,90,50,89,943,927
"(Sandstorm Pattern)_Vivillon",666,7,3,769,1,19,14,132,80,52,50,90,50,89,944,927
"(Savanna Pattern)_Vivillon",666,7,3,769,1,19,14,132,80,52,50,90,50,89,945,927
"(Sun Pattern)_Vivillon",666,7,3,769,1,19,14,132,80,52,50,90,50,89,946,927
"(Tundra Pattern)_Vivillon",666,7,3,769,1,19,14,132,80,52,50,90,50,89,947,927
"Litleo",667,10,1,770,1,79,127,153,62,50,58,73,54,72,948,0
"(Female)_Pyroar",668,10,1,771,1,79,127,153,86,68,72,109,66,106,949,948
"(Male)_Pyroar",668,10,1,771,1,79,127,153,86,68,72,109,66,106,950,948
"(Blue Flower)_Flabébé",669,18,0,772,1,166,0,180,44,38,39,61,79,42,951,0
"(Orange Flower)_Flabébé",669,18,0,772,1,166,0,180,44,38,39,61,79,42,952,0
"(Red Flower)_Flabébé",669,18,0,772,1,166,0,180,44,38,39,61,79,42,953,0
"(White Flower)_Flabébé",669,18,0,772,1,166,0,180,44,38,39,61,79,42,954,0
"(Yellow Flower)_Flabébé",669,18,0,772,1,166,0,180,44,38,39,61,79,42,955,0
"(Blue Flower)_Floette",670,18,0,773,1,166,0,180,54,45,47,75,98,52,956,951
"(Orange Flower)_Floette",670,18,0,773,1,166,0,180,54,45,47,75,98,52,957,952
"(Red Flower)_Floette",670,18,0,773,1,166,0,180,54,45,47,75,98,52,958,953
"(White Flower)_Floette",670,18,0,773,1,166,0,180,54,45,47,75,98,52,959,954
"(Yellow Flower)_Floette",670,18,0,773,1,166,0,180,54,45,47,75,98,52,960,955
"(Blue Flower)_Florges",671,18,0,775,1,166,0,180,78,65,68,112,154,75,961,956
"(Orange Flower)_Florges",671,18,0,775,1,166,0,180,78,65,68,112,154,75,962,957
"(Red Flower)_Florges",671,18,0,775,1,166,0,180,78,65,68,112,154,75,963,958
"(White Flower)_Florges",671,18,0,775,1,166,0,180,78,65,68,112,154,75,964,959
"(Yellow Flower)_Florges",671,18,0,775,1,166,0,180,78,65,68,112,154,75,965,960
"Skiddo",672,12,0,776,1,157,0,179,66,65,48,62,57,52,966,0
"Gogoat",673,12,0,777,1,157,0,179,123,100,62,97,81,68,967,966
"Pancham",674,2,0,778,1,89,104,113,67,82,62,46,48,43,968,0
"Pangoro",675,2,17,779,1,89,104,113,95,124,78,69,71,58,969,968
"Furfrou_(Natural Form)",676,1,0,780,1,169,0,0,75,80,60,65,90,102,970,0
"Furfrou_(Dandy Trim)",676,1,0,780,0,169,0,0,75,80,60,65,90,102,971,0
"Furfrou_(Debutante Trim)",676,1,0,780,0,169,0,0,75,80,60,65,90,102,972,0
"Furfrou_(Diamond Trim)",676,1,0,780,0,169,0,0,75,80,60,65,90,102,973,0
"Furfrou_(Heart Trim)",676,1,0,780,0,169,0,0,75,80,60,65,90,102,974,0
"Furfrou_(Kabuki Trim)",676,1,0,780,0,169,0,0,75,80,60,65,90,102,975,0
"Furfrou_(La Reine Trim)",676,1,0,780,0,169,0,0,75,80,60,65,90,102,976,0
"Furfrou_(Matron Trim)",676,1,0,780,0,169,0,0,75,80,60,65,90,102,977,0
"Furfrou_(Pharaoh Trim)",676,1,0,780,0,169,0,0,75,80,60,65,90,102,978,0
"Furfrou_(Star Trim)",676,1,0,780,0,169,0,0,75,80,60,65,90,102,979,0
"Espurr",677,14,0,781,1,51,151,20,62,48,54,63,60,68,980,0
"(Female)_Meowstic",678,14,0,783,1,51,151,172,74,48,76,83,81,104,981,980
"(Male)_Meowstic",678,14,0,782,1,51,151,158,74,48,76,83,81,104,982,980
"Honedge",679,9,8,784,1,99,0,0,45,80,100,35,37,28,983,0
"Doublade",680,9,8,785,1,99,0,0,59,110,150,45,49,35,984,983
"Aegislash_(Shield Forme)",681,9,8,786,1,176,0,0,60,50,150,50,150,60,985,984
"Aegislash_(Blade Forme)",681,9,8,787,0,176,0,0,60,150,50,150,50,60,986,0
"Spritzee",682,18,0,788,1,131,0,165,78,52,60,63,65,23,987,0
"Aromatisse",683,18,0,789,1,131,0,165,101,72,72,99,89,29,988,987
"Swirlix",684,18,0,790,1,175,0,84,62,48,66,59,57,49,989,0
"Slurpuff",685,18,0,791,1,175,0,84,82,80,86,85,75,72,990,989
"Inkay",686,17,14,792,1,126,21,151,53,54,53,37,46,45,991,0
"Malamar",687,17,14,793,1,126,21,151,86,92,88,68,75,73,992,991
"Binacle",688,6,11,794,1,181,97,124,42,52,67,39,56,50,993,0
"Barbaracle",689,6,11,795,1,181,97,124,72,105,115,54,86,68,994,993
"Skrelp",690,4,11,796,1,38,143,91,50,60,60,60,60,30,995,0
"Dragalge",691,4,16,797,1,38,143,91,65,75,90,97,123,44,996,995
"Clauncher",692,11,0,798,1,178,0,0,50,53,62,58,63,44,997,0
"Clawitzer",693,11,0,799,1,178,0,0,71,73,88,120,89,59,998,997
"Helioptile",694,13,1,800,1,87,8,94,44,38,33,61,43,70,999,0
"Heliolisk",695,13,1,801,1,87,8,94,62,55,52,109,94,109,1000,999
"Tyrunt",696,6,16,802,1,173,0,5,58,89,77,45,45,48,1001,0
"Tyrantrum",697,6,16,803,1,173,0,69,82,121,119,69,59,71,1002,1001
"Amaura",698,6,15,804,1,174,0,117,77,59,50,67,63,46,1003,0
"Aurorus",699,6,15,805,1,174,0,117,123,77,72,99,92,58,1004,1003
"Hawlucha",701,2,3,806,1,7,84,104,78,92,75,74,63,118,1005,0
"Dedenne",702,13,18,807,1,167,53,57,67,58,57,81,67,101,1006,0
"Carbink",703,6,18,808,1,29,0,5,50,50,150,50,150,50,1007,0
"Goomy",704,16,0,809,1,157,93,183,45,50,35,55,75,40,1008,0
"Sliggoo",705,16,0,810,1,157,93,183,68,75,53,83,113,60,1009,1008
"Goodra",706,16,0,811,1,157,93,183,90,100,70,110,150,80,1010,1009
"Klefki",707,9,18,812,1,158,0,170,57,80,91,80,87,75,1011,0
"Phantump",708,8,12,813,1,30,119,139,43,70,48,50,60,38,1012,0
"Trevenant",709,8,12,814,1,30,119,139,85,110,76,65,82,56,1013,1012
"Pumpkaboo_(Average Size)",710,8,12,815,1,53,119,15,49,66,70,44,55,51,1014,0
"Pumpkaboo_(Large Size)",710,8,12,817,1,53,119,15,54,66,70,44,55,46,1015,0
"Pumpkaboo_(Small Size)",710,8,12,816,1,53,119,15,44,66,70,44,55,56,1016,0
"Pumpkaboo_(Super Size)",710,8,12,818,1,53,119,15,59,66,70,44,55,41,1017,0
"Gourgeist_(Average Size)",711,8,12,819,1,53,119,15,65,90,122,58,75,84,1018,1014
"Gourgeist_(Large Size)",711,8,12,821,1,53,119,15,75,95,122,58,75,69,1019,1015
"Gourgeist_(Small Size)",711,8,12,820,1,53,119,15,55,85,122,58,75,99,1020,1016
"Gourgeist_(Super Size)",711,8,12,822,1,53,119,15,85,100,122,58,75,54,1021,1017
"Bergmite",712,15,0,823,1,20,115,5,55,69,85,32,35,28,1022,0
"Avalugg",713,15,0,824,1,20,115,5,95,117,184,44,46,28,1023,1022
"Noibat",714,3,16,825,1,119,151,140,40,30,35,45,40,55,1024,0
"Noivern",715,3,16,826,1,119,151,140,85,70,80,97,80,123,1025,1024
"Xerneas_(Neutral Mode)",716,18,0,827,1,187,0,0,126,131,95,131,98,99,1026,0
"Xerneas_(Active Mode)",716,18,0,827,0,187,0,0,126,131,95,131,98,99,1027,0
"Yveltal",717,17,3,828,1,186,0,0,126,131,95,131,98,99,1028,0
"Zygarde_(50% Forme)",718,16,5,831,1,211,0,0,108,100,121,81,95,95,1029,0
"Zygarde_(Complete Forme)",718,16,5,832,0,211,0,0,216,100,121,91,95,85,1030,0
"Zygarde_(10% Forme)",718,16,5,830,0,211,0,0,54,100,71,61,85,115,1031,0
"Diancie",719,6,18,833,1,29,0,0,50,100,150,100,150,50,1032,0
"(Mega)_Diancie",719,6,18,834,0,156,0,0,50,160,110,160,110,110,1033,0
"Hoopa_(Confined)",720,14,8,835,1,170,0,0,80,110,60,150,130,70,1034,0
"Hoopa_(Unbound)",720,14,17,836,0,170,0,0,80,160,60,170,130,80,1035,0
"Volcanion",721,10,11,837,1,11,0,0,80,110,120,130,90,70,1036,0
"Rowlet",722,12,3,838,1,65,0,203,68,55,55,50,50,42,1037,0
"Dartrix",723,12,3,839,1,65,0,203,78,75,75,70,70,52,1038,1037
"Decidueye",724,12,8,840,1,65,0,203,78,107,75,100,100,70,1039,1038
"Litten",725,10,0,841,1,66,0,22,45,65,40,60,40,70,1040,0
"Torracat",726,10,0,842,1,66,0,22,65,85,50,80,50,90,1041,1040
"Incineroar",727,10,17,843,1,66,0,22,95,115,90,80,90,60,1042,1041
"Popplio",728,11,0,844,1,67,0,204,50,54,54,66,56,40,1043,0
"Brionne",729,11,0,845,1,67,0,204,60,69,69,91,81,50,1044,1043
"Primarina",730,11,18,846,1,67,0,204,80,74,74,126,116,60,1045,1044
"Pikipek",731,1,3,847,1,51,92,53,35,75,30,30,30,65,1046,0
"Trumbeak",732,1,3,848,1,51,92,53,55,85,50,40,50,75,1047,1046
"Toucannon",733,1,3,849,1,51,92,125,80,120,75,75,75,60,1048,1047
"Yungoos",734,1,0,850,1,198,173,91,48,70,30,30,30,45,1049,0
"Gumshoos",735,1,0,851,1,198,173,91,88,110,60,55,60,45,1050,1049
"Grubbin",736,7,0,853,1,68,0,0,47,62,45,55,45,46,1051,0
"Charjabug",737,7,13,854,1,217,0,0,57,82,95,55,75,36,1052,1051
"Vikavolt",738,7,13,855,1,26,0,0,77,70,90,145,75,43,1053,1052
"Crabrawler",739,2,0,857,1,52,89,83,47,82,57,42,47,63,1054,0
"Crabominable",740,2,15,858,1,52,89,83,97,132,77,62,67,43,1055,1054
"Oricorio_(Baile Style)",741,10,3,859,1,216,0,0,75,70,70,98,70,93,1056,0
"Oricorio_(Pa'u Style)",741,14,3,861,1,216,0,0,75,70,70,98,70,93,1057,0
"Oricorio_(Pom-Pom Style)",741,13,3,860,1,216,0,0,75,70,70,98,70,93,1058,0
"Oricorio_(Sensu Style)",741,8,3,862,1,216,0,0,75,70,70,98,70,93,1059,0
"Cutiefly",742,7,18,863,1,118,19,175,40,45,40,55,40,84,1060,0
"Ribombee",743,7,18,864,1,118,19,175,60,55,60,95,70,124,1061,1060
"Rockruff",744,6,0,866,1,51,72,80,45,65,40,30,40,60,1062,0
"Lycanroc_(Midday Form)",745,6,0,868,1,51,146,80,75,115,65,55,65,112,1063,1062
"Lycanroc_(Midnight Form)",745,6,0,869,1,51,72,99,85,115,75,55,75,82,1064,1062
"Lycanroc_(Dusk Form)",745,6,0,870,1,181,0,0,75,117,65,55,65,110,1065,1062
"Wishiwashi_(Solo Form)",746,11,0,871,1,208,0,0,45,20,20,25,25,40,1066,0
"Wishiwashi_(School Form)",746,11,0,872,0,208,0,0,45,140,130,140,135,30,1067,0
"Mareanie",747,4,11,873,1,196,7,144,50,53,62,43,52,45,1068,0
"Toxapex",748,4,11,874,1,196,7,144,50,63,152,53,142,35,1069,1068
"Mudbray",749,5,0,875,1,20,192,39,70,100,70,45,55,45,1070,0
"Mudsdale",750,5,0,876,1,20,192,39,100,125,100,55,85,35,1071,1070
"Dewpider",751,11,7,877,1,199,0,11,38,40,52,40,72,27,1072,0
"Araquanid",752,11,7,878,1,199,0,11,68,70,92,50,132,42,1073,1072
"Fomantis",753,12,0,880,1,102,0,126,40,55,35,50,35,35,1074,0
"Lurantis",754,12,0,881,1,102,0,126,70,105,90,80,90,45,1075,1074
"Morelull",755,12,18,883,1,35,27,44,40,35,55,65,75,15,1076,0
"Shiinotic",756,12,18,884,1,35,27,44,60,45,80,90,100,30,1077,1076
"Salandit",757,4,10,885,1,212,0,12,48,44,40,71,40,77,1078,0
"Salazzle",758,4,10,886,1,212,0,12,68,64,60,111,60,117,1079,1078
"Stufful",759,1,2,888,1,218,103,56,70,75,50,45,50,50,1080,0
"Bewear",760,1,2,889,1,218,103,127,120,125,80,55,60,60,1081,1080
"Bounsweet",761,12,0,890,1,102,12,175,42,30,38,30,38,32,1082,0
"Steenee",762,12,0,891,1,102,12,175,52,40,48,40,48,62,1083,1082
"Tsareena",763,12,0,892,1,102,214,175,72,120,98,50,98,72,1084,1083
"Comfey",764,18,0,893,1,166,205,30,51,52,90,82,110,100,1085,0
"Oranguru",765,1,14,894,1,39,140,180,90,60,80,90,110,60,1086,0
"Passimian",766,2,0,895,1,222,0,128,100,120,90,40,60,80,1087,0
"Wimpod",767,7,11,896,1,193,0,0,25,35,40,20,30,80,1088,0
"Golisopod",768,7,11,897,1,194,0,0,75,125,140,60,90,40,1089,1088
"Sandygast",769,8,5,898,1,195,0,8,55,55,80,70,45,15,1090,0
"Palossand",770,8,5,899,1,195,0,8,85,75,110,100,75,35,1091,1090
"Pyukumuku",771,11,0,900,1,215,0,109,55,60,130,30,130,5,1092,0
"Type: Null",772,1,0,901,1,4,0,0,95,95,95,95,95,59,1093,0
"Silvally_(Type: Normal)",773,1,0,902,1,225,0,0,95,95,95,95,95,95,1094,1093
"Silvally_(Type: Fighting)",773,2,0,902,0,225,0,0,95,95,95,95,95,95,1095,0
"Silvally_(Type: Flying)",773,3,0,902,0,225,0,0,95,95,95,95,95,95,1096,0
"Silvally_(Type: Poison)",773,4,0,902,0,225,0,0,95,95,95,95,95,95,1097,0
"Silvally_(Type: Ground)",773,5,0,902,0,225,0,0,95,95,95,95,95,95,1098,0
"Silvally_(Type: Rock)",773,6,0,902,0,225,0,0,95,95,95,95,95,95,1099,0
"Silvally_(Type: Bug)",773,7,0,902,0,225,0,0,95,95,95,95,95,95,1100,0
"Silvally_(Type: Ghost)",773,8,0,902,0,225,0,0,95,95,95,95,95,95,1101,0
"Silvally_(Type: Steel)",773,9,0,902,0,225,0,0,95,95,95,95,95,95,1102,0
"Silvally_(Type: Fire)",773,10,0,902,0,225,0,0,95,95,95,95,95,95,1103,0
"Silvally_(Type: Water)",773,11,0,902,0,225,0,0,95,95,95,95,95,95,1104,0
"Silvally_(Type: Grass)",773,12,0,902,0,225,0,0,95,95,95,95,95,95,1105,0
"Silvally_(Type: Electric)",773,13,0,902,0,225,0,0,95,95,95,95,95,95,1106,0
"Silvally_(Type: Psychic)",773,14,0,902,0,225,0,0,95,95,95,95,95,95,1107,0
"Silvally_(Type: Ice)",773,15,0,902,0,225,0,0,95,95,95,95,95,95,1108,0
"Silvally_(Type: Dragon)",773,16,0,902,0,225,0,0,95,95,95,95,95,95,1109,0
"Silvally_(Type: Dark)",773,17,0,902,0,225,0,0,95,95,95,95,95,95,1110,0
"Silvally_(Type: Fairy)",773,18,0,902,0,225,0,0,95,95,95,95,95,95,1111,0
"Minior_(Meteor Form)",774,6,3,903,1,197,0,0,60,60,100,60,100,60,1112,0
"Minior_(Blue Core)",774,6,3,914,0,197,0,0,60,100,60,100,60,120,1113,0
"Minior_(Green Core)",774,6,3,913,0,197,0,0,60,100,60,100,60,120,1114,0
"Minior_(Indigo Core)",774,6,3,915,0,197,0,0,60,100,60,100,60,120,1115,0
"Minior_(Orange Core)",774,6,3,911,0,197,0,0,60,100,60,100,60,120,1116,0
"Minior_(Red Core)",774,6,3,910,0,197,0,0,60,100,60,100,60,120,1117,0
"Minior_(Violet Core)",774,6,3,916,0,197,0,0,60,100,60,100,60,120,1118,0
"Minior_(Yellow Core)",774,6,3,912,0,197,0,0,60,100,60,100,60,120,1119,0
"Komala",775,1,0,917,1,213,0,0,65,115,65,75,95,65,1120,0
"Turtonator",776,10,16,918,1,75,0,0,60,78,135,91,85,36,1121,0
"Togedemaru",777,13,9,919,1,160,31,5,65,98,63,40,73,96,1122,0
"Mimikyu_(Disguised Form)",778,8,18,921,1,209,0,0,55,90,80,50,105,96,1123,0
"Mimikyu_(Busted Form)",778,8,18,922,0,209,0,0,55,90,80,50,105,96,1124,0
"Bruxish",779,11,14,925,1,219,173,147,68,105,70,70,70,92,1125,0
"Drampa",780,1,16,926,1,201,157,13,78,60,85,135,91,36,1126,0
"Dhelmise",781,8,12,927,1,200,0,0,70,131,100,86,90,40,1127,0
"Jangmo-o",782,16,0,928,1,171,43,142,45,55,65,45,45,45,1128,0
"Hakamo-o",783,16,2,929,1,171,43,142,55,75,90,65,70,65,1129,1128
"Kommo-o",784,16,2,930,1,171,43,142,75,110,125,100,105,85,1130,1129
"Tapu Koko",785,13,18,932,1,226,0,140,70,115,85,95,75,130,1131,0
"Tapu Lele",786,14,18,933,1,227,0,140,70,85,75,130,115,95,1132,0
"Tapu Bulu",787,12,18,934,1,229,0,140,70,130,115,85,95,75,1133,0
"Tapu Fini",788,11,18,935,1,228,0,140,70,75,115,95,130,85,1134,0
"Cosmog",789,14,0,936,1,109,0,0,43,29,31,29,31,37,1135,0
"Cosmoem",790,14,0,937,1,5,0,0,43,29,131,29,131,37,1136,1135
"Solgaleo",791,14,9,938,1,230,0,0,137,137,107,113,89,97,1137,1136
"(Radiant Sun phase)_Solgaleo",791,14,9,938,0,230,0,0,137,137,107,113,89,97,1138,0
"Lunala",792,14,8,939,1,231,0,0,137,113,89,137,107,97,1139,1136
"(Full Moon phase)_Lunala",792,14,8,939,0,231,0,0,137,113,89,137,107,97,1140,0
"Nihilego",793,6,4,940,1,224,0,0,109,53,47,127,131,103,1141,0
"Buzzwole",794,7,2,941,1,224,0,0,107,139,139,53,53,79,1142,0
"Pheromosa",795,7,2,942,1,224,0,0,71,137,37,137,37,151,1143,0
"Xurkitree",796,13,0,943,1,224,0,0,83,89,71,173,71,83,1144,0
"Celesteela",797,9,3,944,1,224,0,0,97,101,103,107,101,61,1145,0
"Kartana",798,12,9,945,1,224,0,0,59,181,131,59,31,109,1146,0
"Guzzlord",799,17,16,946,1,224,0,0,223,101,53,97,53,43,1147,0
"Necrozma",800,14,0,947,1,232,0,0,97,107,101,127,89,79,1148,0
"(Dusk Mane)_Necrozma",800,14,9,948,0,232,0,0,97,157,127,113,109,77,1149,0
"(Dawn Wings)_Necrozma",800,14,8,949,0,232,0,0,97,113,109,157,127,77,1150,0
"(Ultra)_Necrozma",800,14,16,950,0,233,0,0,97,167,97,167,97,129,1151,0
"Magearna",801,9,18,951,1,220,0,0,80,95,115,130,115,65,1152,0
"(Original Color)_Magearna",801,9,18,952,0,220,0,0,80,95,115,130,115,65,1153,0
"(Gloomdweller)_Marshadow",802,2,8,953,1,101,0,0,90,125,80,90,90,125,1154,0
"Poipole",803,4,0,954,1,224,0,0,67,73,67,73,67,73,1155,0
"Naganadel",804,4,16,955,1,224,0,0,73,73,73,127,73,121,1156,1155
"Stakataka",805,6,9,956,1,224,0,0,61,131,211,53,101,13,1157,0
"Blacephalon",806,10,8,957,1,224,0,0,53,127,53,151,79,107,1158,0
"Zeraora",807,13,0,958,1,10,0,0,88,112,75,102,80,143,1159,0
